id,volume,year,fake,editor
52df9a54-6cc3-4685-9826-f6ba927def1a-12 24,12 24,2020,0,6748076
9f840236-aa46-478e-98fe-68a1fe8b823e-nan,,2021,0,49836121
b6b26b43-2fef-41ad-98b9-af7ba33afa6b-97 Suppl 6,97 Suppl 6,2014,0,25565174
910f05b9-f423-44fc-9fc1-c6b3d2481fe0-8,8,2015,0,2176072742
137df871-0be4-4ea4-9f85-52b2b36070a3-145 1,145 1,2014,0,145778299
f99f77b7-b1b6-44d3-984a-f288e9884b9b-10,10,2020,0,96744667
b5d743df-8523-464c-a1f4-10ead6be30a6-38,38,2020,0,92164500
8f99db2e-5ab5-462f-829a-8eeced9b7be1-nan,,2020,0,1996026850
ed779cb8-b256-4933-85c7-2ca9868bb58b-256,256,2020,0,6100220
5fb10eaf-a09b-4e33-a397-37d9210767e5-207,207,2004,0,4372090
552d0a68-9aa4-4518-b8c4-666b3d9e0fef-65,65,2014,0,61228327
cf33e1f1-4e08-40d3-89b4-ca4ff2b66125-nan,,2020,0,48930968
22fa9d61-53c5-41ed-9de0-f4d601bc7347-72,72,2018,0,8154045
7946ed64-b41c-474b-bcba-636664f5df02-281,281,2014,0,5145543
dde2f643-6f46-48ec-82a6-6f398b3b0d0b-9,9,2005,0,2115243847
f498f529-8b18-4bdb-93a9-f3123a14a833-50 3,50 3,2016,0,3547287
18bd75fb-03db-4a15-ba44-fe2fecdef51b-96,96,2016,0,47277160
3687d0a0-e583-4c86-b239-50d545661574-51,51,2008,0,120658032
70cd7ad3-6635-4b16-8dce-7ef15977ebdb-nan,,2021,0,6643277
3e924bb0-3731-4d92-9423-2cc0388e6d82-99 32,99 32,2019,0,389383252
3c26139d-3b45-4ab8-97d3-059246312705-15,15,2004,0,50262144
8e374fd7-664a-498f-9dc8-f0e1a9f358dd-68 20,68 20,1977,0,119656208
d1d486ec-2c87-4721-8bca-f399625d18e5-120 1,120 1,1967,0,30786273
db54ab8b-cf08-4de6-b69a-0fae0f4ab997-96,96,2017,0,3678238
e8ed6f59-efdb-4516-96f6-7b427c9f1c21-51 7,51 7,1998,0,32557707
e1c5dcc4-7454-4f13-be9e-d45ac7c88ba7-9,9,1984,0,33281166
6ae5af1a-c876-4790-a0a9-2a319cc86eea-27 12,27 12,1977,0,3059733
98dbdba6-7038-4051-a96c-357ab826ee7a-21,21,2015,0,4100894
396750b3-c753-4765-b283-ca20a4ddd616-71 2,71 2,2012,0,1804561
9eee5892-5ec1-43c5-8b55-447ccd2ea709-92,92,2007,0,381711963
900c81e6-225b-4082-ab9f-6ce96de83f5d-32 1,32 1,2012,0,1834834
027ffd21-ebb0-4af8-baf5-911124292fd0-26,26,2019,0,40117732
fc42e269-2a82-46d5-9175-2fd5bba88d78-,,2019,0,2072414592
346d37c6-8ac8-4510-9273-a445b61e92dd-31 8,31 8,2017,0,3790318
befe79e7-4edb-4281-9c6b-d16dbe123330-50,50,1943,0,3845199
4c1bc8cf-5a6c-4b67-8d4a-dbc2ce7a06ae-20,20,1984,0,5176528
9748b6b2-3e9d-4c15-a9ec-f42ac7fe320a-38,38,1961,0,433658684
7d24457b-a218-444c-841d-15d85c81040d-29 2,29 2,1972,0,2108781213
a3da0b9b-c8ef-4c37-94d3-27c2d2dd4e90-71 2,71 2,1977,0,145093992
77763466-b39a-4c8d-b3f9-c704a5a7edf6-6 5,6 5,1977,0,30846370
1558bc92-3574-4cd1-9b9a-0fccd2957ffe-47 11,47 11,1971,0,9913139
8e374fd7-664a-498f-9dc8-f0e1a9f358dd-nan,,2021,0,870058769
dfdde60d-e443-430c-bb53-79e8211963cf-61 13,61 13,1954,0,1671769419
2ffaf997-f719-4744-8142-983c334b1797-125 3,125 3,2004,0,6748076
98948668-0c44-4dc4-8ff2-5b6ba84c3fb7-58 1,58 1,1983,0,2054946750
0e68f952-7316-4b0e-9470-7e833d0eafa6-48 4,48 4,2000,0,144823223
baca7f5a-2d4f-4158-b527-ab08fb52845f-11,11,1999,0,12420674
73ea77b0-3d9c-4b35-b2b0-a1e0af5b5b75-25 4,25 4,1997,0,1899653109
396750b3-c753-4765-b283-ca20a4ddd616-nan,,2020,0,66693211
6ee4e999-fe72-422e-9d62-708ce1471470-12 3,12 3,1957,0,1400342745
be767b53-ec92-42d8-9b36-cebc40671619-30,30,2020,0,3634462
e46002a1-d7a6-4681-aae9-36bc3a6a1f93-nan,,2021,0,4981464
45723ce3-7b17-4d2b-92c0-c9f30be1a6a1-87,87,2016,0,152619498
8c0f0951-6d54-4605-beb5-88e7849cc2a6-4 2,4 2,2018,0,47106609
7a4cdb93-dcf1-435f-ade6-dbd70a634d29-148 37,148 37,2004,0,771454865
73c0d858-63b7-43b5-8109-f027a509e8b6-176,176,2018,0,89089175
6499d076-6328-4c2c-8f87-d75c624eb530-nan,,2022,0,34809145
4b1fd7f5-3b44-452b-b185-dcd785a81edf-175,175,2019,0,101320987
9f15b6a9-a062-41be-a397-bcce86eabb41-26,26,2020,0,3722218
3dc20922-3913-4122-925d-6b044c08c12f-nan,,2020,0,50858006
92e5a24d-eeb8-42a4-a290-a40667894cf5-60,60,2020,0,1857874863
15049b43-0af1-46bb-8a0b-83e5510cefa0-nan,,2021,0,125694853
a3454210-a0d5-451a-8456-ef58557c4632-29,29,2017,0,1492194278
9b2de120-0345-4845-b4f5-cce0bf4338b0-nan,,2020,0,82325112
2c469df0-fa01-4dee-8f25-0d87a6fc4ef1-8,8,2008,0,4330831
3c4394f2-588b-43c0-bcf9-a0ef028e11e2-59,59,1922,0,2152504700
d0c10ac8-46d9-4816-a350-37ef883b23e8-nan,,2020,0,145955349
2c1f0cb4-af94-4b6d-ab03-1fc4e0d4169f-nan,,2019,0,2110126808
4a3b85d1-a9bd-4dde-a336-a6cae78b0482-44,44,2015,0,6607889
2633f5b2-c15c-49fe-80f5-07523e770c26-7,7,2019,0,601539087
d741ad2b-c57e-4b4a-a8b7-1aaeb70d96b4-10,10,2016,0,93483834
28148b64-bce5-4f88-a9a6-664735732a0f-66,66,2021,0,2859790
52594fde-c7e9-4b76-9bb6-f268cfacae53-nan,,2019,0,2074761259
8df9044b-0351-4d94-8c19-57f8446fe6a1-nan,,2019,0,176222110
d2086b1e-a8ee-4f69-81d4-8b7c43b3861b-51,51,2013,0,376361668
b4e58d87-c012-4bee-8e4c-fea04b5094f0-113 5,113 5,2020,0,5176528
459ca45a-35b5-468b-8287-daffcd7d5acc-89 12,89 12,2018,0,1995344447
8a4c6407-d5df-4cba-98fa-53d475ad8faa-13 17,13 17,1997,0,15305576
a30b60d8-8a5b-42a4-b504-5fca84f64f73-15,15,2018,0,2027497529
07ffccdd-217b-4082-9708-128ec80a1338-90 9,90 9,1998,0,1431377038
47464297-4c88-44d5-9112-53a865e99be5-11 9,11 9,1972,0,2046803840
51e83cad-0055-4038-8da5-cb49da2a016a-83,83,2005,0,1758748
043f505b-68a5-43c2-bed4-09a34982173e-44 5,44 5,1988,0,48656150
cbf8792f-e5da-4b72-8a49-80755d7abf39-19 7,19 7,2000,0,103280737
177d108f-bedb-4283-af7f-6d3919529bbc-37,37,1995,0,1785390089
6c24a0a0-b07d-4d7b-a19b-fd09a3ed453a-370,370,1994,0,82005044
28477905-a66a-4e48-bf6e-2c3518b17bf0-74 3,74 3,1995,0,73066030
3f93c423-8b91-4f5b-bd95-d36515c1c553-41 5,41 5,1997,0,2086431622
3227dfc6-3c54-47e6-a0fc-39be9c511d98-39,39,2006,0,2122200831
32d29099-0305-4734-b3ec-534d630e10ff-16,16,2018,0,6587084
12ace622-3f87-4fa5-99e2-48cc71da77d7-34,34,2021,0,143895133
7a81d01c-ee3f-4f27-b696-01f35da67f22-572 1,572 1,2006,0,15019487
9f90c52e-917d-486f-a6a6-e37a9a706d32-25 3,25 3,1991,0,46932354
b2be1780-2781-4025-9bb8-8147463f35a2-41 2,41 2,2001,0,104519217
9e2e9269-64bd-4c32-83e5-c4da76645611-103,103,1960,0,5760524
2294caa9-0a4e-478e-9cad-c0218907d492-22,22,2005,0,52208693
8815dd4f-a3bf-4ba4-8085-f88fd437a4c5-120,120,2019,0,3159738
871bdcd3-3901-4df4-8581-725f38214165-36,36,2020,0,186888486
01c93b25-c79d-47c7-8eb6-79ac1e1d685f-nan,,2019,0,823679584
638d1b1c-6c05-4b65-aa2e-ace42ee26e95-7,7,1937,0,720328137
9bdb673f-49a2-4f38-b2fc-618ea577a4ad-133,133,2016,0,867811760
185d0b79-ac59-4503-bb30-14fca2190fc0-3 2,3 2,2013,0,147538332
7831aec9-5840-4369-b43c-ed24bccb6fdf-56 5,56 5,1971,0,2064149998
136c8b3d-48ba-4a61-bcd1-f04045312cd3-nan,,2018,0,15640403
7a7dc89b-e1a6-44df-a496-46c330a87840-3,3,2022,0,92382397
d5da7004-7b61-450a-9c7d-a39500de7acf-27,27,2020,0,161598556
b8b7ca92-baf8-4895-ab4d-2ff0754c865e-8 5,8 5,2019,0,730475507
ad2ae6f7-53e8-442e-900a-bd9ab7ff3865-21,21,1987,0,71222037
2f6dc6c9-f90a-4dfe-8a86-3949bc86aea2-51,51,1996,0,1791863801
4c9bb7e5-0c3b-4021-87ba-7c49a56f9d5b-57,57,1953,0,47360095
8de99deb-a336-474f-bec3-8b50f6e9e581-nan,,2021,0,390942107
c2d2f226-917d-4d4a-8e15-193125d1da93-131,131,2018,0,2049862497
b9047042-f0bc-462d-bb5a-8ed2de73e550-nan,,2020,0,2066639384
30a3516f-33cf-46d0-bd04-26474fc49522-54,54,2019,0,2106628128
3602650f-9fe5-4078-9a5f-d8c95032a34a-47,47,2014,0,145866479
9d4d5a77-8e41-4e91-bd4a-d55553fcc957-nan,,2019,0,3849978
991d321a-61b6-4c0e-92a9-afe4b2f68264-209,209,2012,0,742472460
0ce045cd-d837-4b80-98f4-715483fc1962-45,45,1979,0,37474083
8c23a1c5-cdf7-4cc9-94ff-287aaed63749-26,26,2015,0,2093692423
8f6e0f68-be8a-4ba7-9f7f-b17fc432f478-60,60,2018,0,49655786
1bce206e-68bb-4431-9d27-9d8a5072005f-21,21,1987,0,266080925
4f4377a9-e0af-4ede-bb09-a02f662d27a9-101,101,2005,0,9847190
f554e418-c500-4d29-9479-d813026a6cae-6,6,2002,0,12370614
a8009bad-664b-465f-9fc2-8656bc637bc4-611,611,2009,0,560822239
607fb06f-dfb3-4bbf-9815-ffde1115a105-nan,,2019,0,39369840
fb27311b-7236-4828-ac26-ffbf0eec5dc8-301 3,301 3,2009,0,2888594
0cb93666-8c83-4aa0-8b3a-ff24f0c4b9fc-9,9,2017,0,2049382149
d64970b5-c111-42a8-aef4-66705a3b73dd-abs/1112.5032,abs/1112.5032,2011,0,364911243
b2fd8f55-bf84-45e9-8845-a6ea0d69b310-1,1,1983,0,49952235
7b7c2393-3374-4ff0-9dd6-a33e45f01927-53 3,53 3,1999,0,4471721
39da5af4-7f26-4cc8-8363-968068328ded-1,1,2006,0,5014608
0c74341d-dff9-455e-a401-8950f0826867-19,19,2010,0,48850265
d43a01dc-0d69-42a8-98c9-8001bd35f1f8-nan,,2019,0,546605970
bade12e5-f20e-4b51-83a6-534e3705569a-nan,,2019,0,425980496
6c24a0a0-b07d-4d7b-a19b-fd09a3ed453a-168,168,1951,0,145240060
d2c8b74f-b358-41e9-907f-6d8f9fa0c547-nan,,2018,0,66977337
ba401745-5ee6-42c6-883a-182f0aa0a8c5-53,53,2020,0,1802616
15ccb98b-6b97-45c2-9cf1-b85015b6a729-31,31,2019,0,1413270381
ea85ba07-ca09-47d5-8626-f0df6ab56312-121,121,2021,0,6317356
6c24a0a0-b07d-4d7b-a19b-fd09a3ed453a-573,573,2019,0,9294715
1f6a6b6e-149c-489e-b919-f10e05d8569e-nan,,2018,0,143882352
cb6a988a-6c3d-4ff8-aa8c-7ee9bbcee460-1,1,2016,0,17357405
aa22ba5c-fb03-4b2b-89f5-360bed5a4cfb-nan,,2019,0,803517017
567a5f12-d8a9-49f7-962b-d78b5fc5a6ac-nan,,2019,0,51111870
5335e49b-808e-44d3-bb5d-1f76b82aa45e-nan,,2018,0,2337585
34e959c8-272f-4460-aa67-7cfc351960ad-14 5,14 5,2018,0,249065263
a465004f-0e40-4504-900c-9f6cbd20d5f4-40 7,40 7,1992,0,49680134
9b975127-186d-4b72-b03c-7b63988f3aec-34 3,34 3,1973,0,2179591929
4431daa4-da7f-4fbc-9d1b-6ac7f82b2e3e-65 5,65 5,1953,0,1903876352
111644b3-f1fb-4efa-a7cf-9a6b74af6da5-23,23,1935,0,638015370
d0046ca9-9064-464a-ab1f-8947412a4f14-98 1,98 1,1979,0,20887933
73db2f88-e2f8-45b4-8d52-0a89a9d0e239-10,10,2013,0,396426137
2b946b35-df57-49f8-9d9a-045ee806060f-164,164,2004,0,11021467
6dc78f19-d8c3-4d94-87e0-6a65e5e90641-32 3,32 3,1992,0,2107375051
f99f77b7-b1b6-44d3-984a-f288e9884b9b-5,5,2015,0,115389359
822eb55e-c539-45c0-8d69-80730d2a9639-108 1,108 1,1986,0,7578370
d56ebe2f-b08f-4b5c-ae3a-63144701ed04-29,29,2010,0,5627605
396366a4-a1ba-422b-a9ff-1471ee08eab8-19,19,2010,0,333478745
98ea9a6a-c9d7-4b4e-97ec-ee582bd62fa2-13,13,2006,0,8383022
b08a0dfd-e5a9-4a0a-a1d5-16a2b8985937-34 8,34 8,2016,0,48090859
688ca3af-cc7f-4b93-89e5-bf7daa4f8ce9-54,54,2018,0,321251526
f3358047-5fa1-4315-9473-4bb4c19cb756-17,17,2006,0,67093383
391910d2-0406-4b4e-a3e9-ee16942e3b84-6 2,6 2,1998,0,2108732851
56a31f29-95a9-44ce-8dd7-95809bcfdfc3-53 5,53 5,1999,0,31984327
9eee5892-5ec1-43c5-8b55-447ccd2ea709-121 5,121 5,2021,0,6640273
9c1528bc-37b9-4558-bde6-4b171c8e6cb2-44 519,44 519,1971,0,762259010
0199040d-80b8-461d-b4d3-66056764c7bc-27 8,27 8,1972,0,36074475
6565bc17-8e57-4872-a632-2ebf24e8bc06-22 6,22 6,1965,0,5368679
98c61acc-a8fc-4fde-a125-33bbfd87206e-37,37,2012,0,152575618
a714ad7c-92bf-4c88-ba04-b0086fb72e7a-82 1,82 1,1986,0,846079303
b4f4830c-d0f0-4e78-ae6d-ece3bf3d10d8-12 6,12 6,1967,0,3392731
a3a133fa-8f7c-43dd-85a8-ea7f85c69290-23 5,23 5,1973,0,144314191
ba924ba6-53e9-40b5-aaaa-eac478d7f794-39 6,39 6,1968,0,3642789
d29bb04c-59e3-4f7a-9113-26615223c3fc-19 1,19 1,1998,0,884325459
5ebc36a9-641d-4e41-bc32-7d884877b6c6-nan,,2018,0,50640469
01c7a86f-47d6-4459-8052-37d94f99a653-33,33,2020,0,5641527
90b4735b-3fd0-4510-8dae-00b9390899bf-73 3,73 3,1972,0,2145493272
433763a5-3f36-4819-8240-bbb631740085-25 11,25 11,1967,0,47282687
a5913268-3957-484f-b41f-347b0ba23338-22 14_suppl,22 14_suppl,2004,0,93618115
25248f80-fe99-48e5-9b8e-9baef3b8e23b-44,44,2021,0,143644589
706aa543-e18f-4ead-9b21-4fdd29bff2a9-40,40,2018,0,666981627
e6a9f76b-5239-4afd-9b6d-ec6007ae5b01-14 1,14 1,2021,0,2086754838
cf8e7aaa-7382-440f-a097-aa870631e8e0-7,7,1899,0,12694948
ad341cbc-8727-43dc-9a23-a05966ce1f25-57,57,2018,0,5869498
f17cd7ca-00ba-4cc7-b5d6-00d907cb14ca-40,40,2014,0,31310597
643b0c17-99ac-463b-81c4-df44ad66e34d-127,127,1997,0,1412599038
c0d762a5-d1c5-4428-b8fb-7a95a5d1853c-17,17,2018,0,31512574
d4f21b1e-9e5f-4826-b4ab-b28cdefd0f57-66 1,66 1,1984,0,119135935
9d1b6c0f-be3f-43da-9e3e-487464a59986-33 6,33 6,2002,0,1593122866
fc764fb2-441b-4a54-aabb-555f5b6ce1f5-38,38,2018,0,5522400
8dea56ff-1fb7-4dcd-9cd9-b6c18d7fcf8c-164 4,164 4,2007,0,21060425
9aef3b55-2b26-4ede-8def-fcd0839b7d9d-43 1,43 1,2012,0,4337358
1f732346-014b-468b-af67-371e4fd031b4-54,54,1999,0,48471469
07cdd50b-b8ae-4d6a-a59a-cc06582d3287-1 3,1 3,1983,0,152566889
a82c6245-8223-4542-a61a-122eadde10fb-42,42,2009,0,264748025
afdd2d91-e55a-48e5-a990-fab6c266a816-9,9,2002,0,1738532567
07a7931f-f249-4ae5-8cce-dd0ab1903d5a-92 1,92 1,2016,0,3715325
72ccaa51-bbe7-4b6c-b763-48063d12d485-86,86,2004,0,1711563
cbd2f27e-09bb-4b4f-bae6-4492cfa1a978-42 2,42 2,,0,6569655
7698ac5f-22c2-455e-9a54-c47cc6b0da11-51 4,51 4,1958,0,40803155
e227f350-ee82-4fb2-95a7-ea54ca9be690-34 1,34 1,1988,0,2054774840
6806a4fd-e465-4e63-aa7f-b8151ddee3a4-18 8,18 8,2012,0,6694148
476b8ce6-a736-40f6-9b80-59ae562407d4-10 3,10 3,1996,0,12810272
b08a0dfd-e5a9-4a0a-a1d5-16a2b8985937-30 1,30 1,2012,0,143882352
b6e9b869-3e68-42c6-ab41-146d8c393239--5 1,-5 1,2019,0,8507171
dbac407e-bbb8-4563-9030-5fa685719531-44,44,2017,0,573647914
875343c4-7a7d-476a-bcf4-37487749bd36-76 7,76 7,1976,0,2166235123
940462b0-c2ae-4cda-9e10-e3d7cffc353d-nan,,2019,0,370362866
ebed367d-6818-4a5c-b5f9-fccdd32d3431-61 1,61 1,2013,0,999991488
55ac51ae-2fa9-4ac5-9d41-ded45d38fe28-17,17,1992,0,145824454
c14021b1-9b97-4f28-93f9-75c4054565e6-27 2,27 2,2018,0,149759654
3a9b84c7-227d-4c74-82e4-f5fb6df20140-33 1,33 1,1995,0,144923986
592507fd-0739-4855-ae80-eb3dabbce52c-24 5,24 5,1992,0,745854621
da3aa7f4-bf6a-4701-b7b6-10b307db90df-90-C,90-C,2007,0,244319483
afa2249c-69dc-4fa5-b85e-f3395766561b-148 1,148 1,2018,0,2112518467
26ed29a9-64ce-4d6c-9024-8b022fd2fe22-46,46,2008,0,456938221
89147d81-4abd-4d8d-972b-79613a41804e-5 6,5 6,1947,0,955197884
9c325f93-fc57-49ae-bae2-b8b52260d1d4-33,33,2020,0,2456513
e21035a5-0660-4372-a981-9789d24ac1ff-64 3,64 3,2013,0,2081501
51278f27-cfdd-4938-81e4-9d54ca7b3cd0-11,11,2022,0,2118871314
31360f9e-e93e-467e-9b41-9fdb3e15ca5a-27,27,2007,0,47875025
6c24a0a0-b07d-4d7b-a19b-fd09a3ed453a-nan,,2020,0,6631092
b6e9b869-3e68-42c6-ab41-146d8c393239-54 4,54 4,1967,0,4942929
2f9ee757-886e-482e-93c3-8065b9912e63-64,64,1967,0,33624670
b3007da0-8560-489e-a1de-937fd96195fc-63,63,2020,0,6892854
e4866174-bf20-4fac-a8e3-2f02202f3cd8-133,133,2020,0,51064266
9af52a28-9ef6-464c-b01e-72be415f53c9-nan,,2018,0,38109793
ee0ae15b-f071-4a27-b8f3-2fb08af62fae-42,42,2022,0,3086377
c1910748-cf51-4346-9f09-55d2a5775843-109 3,109 3,2010,0,1816080
b5fb729c-41d1-4db6-b4f3-4c23f8ba5294-16,16,2009,0,16240530
b37be024-e5a5-49d9-a68f-22e8d74fe096-41 4,41 4,2004,0,48078706
51db9a3d-3396-4131-b3b2-1f7a1cdae9c9-nan,,2021,0,1396295375
d2b6f83d-a912-40d2-af6d-03ad01c81c5e-nan,,2022,0,2107426049
3e2e877c-b4d0-4436-90f8-1eb7e0c9b77c-37,37,2018,0,2163963360
c1e3e9e7-16cd-4a0c-90e0-fd54b22deb01-47 7-8,47 7-8,2003,0,2054700951
ccd8e532-73c6-414f-bc91-271bbb2933e2-nan,,2021,0,145584953
fff3549c-df24-4aef-accb-a33ae442a828-nan,,2020,0,652040131
8cc2b0d9-857b-4a8f-ba25-238e9e224c88-220,220,2019,0,144037423
c8467136-289e-49bd-a515-8183ee2e8604-nan,,2020,0,3459472
d8fc27e3-52dd-4758-bc70-1983b8a26797-208,208,2010,0,85504651
b08a0dfd-e5a9-4a0a-a1d5-16a2b8985937-nan,,2020,0,806730255
63ec3d3e-fea0-4ff3-8f6b-b73ab6c91778-nan,,2019,0,481217729
51ccd406-d8bf-4e43-bcff-8f0aded26c15-9,9,2021,0,1731204677
8506a01a-40b8-4e6f-bbb8-ce2492139c15-21,21,2020,0,39557418
e518e9bb-0f9c-46d9-8900-44ba2d7d8600-106,106,2021,0,4368313
bd08f6cc-3503-4b7e-a948-9974c2d4ef6e-52,52,2021,0,35915406
f9a08b14-bcba-4a8e-bfa5-22f6856c5ce1-55,55,2020,0,1398283799
1bce206e-68bb-4431-9d27-9d8a5072005f-51,51,2017,0,37532957
34926d04-db90-43ec-8891-1cae74c17a1e-31,31,2004,0,3479143
9b6db04a-2990-4cf9-a14c-01d47636ee53-nan,,2018,0,6902292
6c24a0a0-b07d-4d7b-a19b-fd09a3ed453a-48,48,,0,13650394
895f40c9-c3f4-4b8e-9ff1-31b11193ad84-88 1,88 1,1992,0,31193182
1f732346-014b-468b-af67-371e4fd031b4-44 10,44 10,2008,0,74403959
27463caa-f361-420e-afb2-77c6be2a1337-26,26,1971,0,144071907
33cf9dfc-d92b-46f1-a71a-c9777810486d-40,40,2015,0,16744497
4872e1af-0a00-4b63-b6ca-8d4685ef46ff-41,41,2020,0,6249055
bfa3f31e-20a6-41a2-a221-096d7a6b6f00-nan,,2021,0,4182594
45723ce3-7b17-4d2b-92c0-c9f30be1a6a1-94,94,2019,0,867320280
e9143cef-f388-4a2d-a45b-ff3122269f76-149 1,149 1,2015,0,268080053
a75714cc-ae87-4828-a0a2-e7f8d57a5632-8,8,2021,0,29343648
e30e44d3-eae3-43b2-8751-8028e042bb5a-nan,,2019,0,2116703069
19e47693-2094-42c1-b333-786ddeaef505-134 11,134 11,2012,0,6539599
6453188a-d7ac-4f0c-81bb-f95830c98c38-19,19,2013,0,35915406
6afbd88d-f493-4d85-bc06-3358c00b2a1b-61,61,2011,0,104239886
ff4eb8fa-170e-4d36-99eb-f00d794ec6e4-39,39,1965,0,1476162861
8fdf6697-2cb7-4720-9e74-35820f383886-42-43,42-43,2018,0,6989388
b41df651-5d08-4d1d-afbb-0912b1374f15-46 4,46 4,2015,0,529354866
e1f5c2ce-7943-45c8-a1ae-ab59984e1300-2,2,2004,0,2118674903
7d7609a8-3ded-4de1-bc53-9c4243ae9cb9-11 3,11 3,1982,0,48694157
7e8aeb35-2cc0-490d-8f28-74fc198d224a-99 3,99 3,2016,0,14815672
7558a17d-2143-48e9-ba5a-b694b97611f4-25 2,25 2,1989,0,4294129
ae96519d-7cc4-4895-88fb-5a9dfeb29c2a-6,6,2012,0,5407289
85b26477-7344-4a25-a32d-136a2f1a50ce-19,19,1989,0,3039031
bafea2d6-9180-4058-a838-86539f02eba1-21,21,2012,0,66066928
4607f043-7ea5-43b6-888a-2e656fbe0233-11,11,2003,0,48888104
18b45ae1-2727-4c68-afd1-a9c56e174c48-10,10,2015,0,145416683
134990b4-0824-4d08-bc6b-61841a023fd4-32,32,2019,0,78492187
db301a7e-4c42-45f8-8b7b-f5a8bb0e083f-11,11,1998,0,4820771
9955eac7-1ec9-41ef-a69c-f68335b1abe5-nan,,2019,0,2072394141
b2c1b9f9-1a46-4fec-ac1e-262ca2a817f7-nan,,2019,0,965253596
97e7c497-a595-453f-8613-cdb2f15a49d8-209 4,209 4,1969,0,166308582
c20b7600-230a-4d64-b272-ecb160212146-24 6,24 6,1977,0,8325257
9955eac7-1ec9-41ef-a69c-f68335b1abe5-23 8,23 8,1974,0,2063312517
ea575202-fcc2-4a30-b9f9-64956e612b62-23 6,23 6,1969,0,5094707
1ddf450d-8cac-4998-b9f0-29ee0fd569b2-18 3,18 3,1952,0,48922193
98405f8c-bfae-4f2d-a5e6-b06c63bd64d0-140 8,140 8,2001,0,1411379026
9bb2417a-d37f-4ee4-b220-ce9974edbbe0-64,64,1964,0,50691171
480fb94c-09d2-43ea-affd-0ef19848117d-30 4,30 4,1954,0,998124193
b3b67888-d181-47a6-bcbd-efdd5b93d6b3-7 1,7 1,2010,0,747567014
edb009e0-8764-47dc-ae3d-4fda473d3c32-23 2,23 2,1974,0,46328099
0afa59aa-6c0d-46a7-92c8-73388f5a3c6c-98 1,98 1,1973,0,14815672
5d506bd7-2631-4c8a-bac5-406cb4bc8d19-18 9-10,18 9-10,1950,0,2155030253
d6b9f8d9-590e-4d25-9f5e-efdf0130c806-4,4,1982,0,777894497
74b0478a-292c-4fe3-bb2f-71f438f00cc7-16,16,2015,0,558016293
f498f529-8b18-4bdb-93a9-f3123a14a833-6 5,6 5,1972,0,49640720
65a4b642-f42c-430f-9ccb-00fe16741e12-35 1,35 1,1981,0,1805241
0b4751e8-b828-449f-abdd-deb042c728ef-84 43-44,84 43-44,1949,0,3728348
f7dd0d03-7655-4543-951c-a98ab2fcb74b-nan,,2021,0,1387461008
a24fd2ce-fdea-44d3-90df-a2206e16dcab-53,53,2008,0,82707964
821a3bcf-ff02-4bd6-bddd-3d7290eb80ed-47,47,2008,0,50544404
97b374e3-6f09-4e9d-8468-ef344ba51ea1-66 2,66 2,1980,0,2144260739
f59506a8-d8bb-4101-b3d4-c4ac3ed03dad-171 3971,171 3971,1971,0,144871325
52f29427-61a3-4d78-9e4f-e5cc54e085b6-20,20,1998,0,152166143
fbf5ebdc-9da2-4919-88ed-107755c6f677-6,6,2014,0,153366236
324c87d0-1d52-4a84-8e71-3acf0d15587a-50,50,2013,0,5919344
02605ee0-36de-43af-82fd-5d4653ff6b7e-nan,,2019,0,50125769
b127dfd2-8094-49c9-8d55-fa9755d878c2-48,48,2013,0,23195350
2f653012-899b-4db2-8945-60f9304c779e-nan,,2019,0,575638349
dadeb858-a3ad-4fc0-877e-b7b206d1b0d1-58,58,2021,0,591354238
fadfd72e-16e7-4c64-9cdd-9bd30c49239e-nan,,2019,0,857955765
e9578a7c-746c-44f1-93ad-50f99b695aaf-6,6,2013,0,88668231
96ed79e9-36b2-4f58-8ef2-67296adef647-1,1,2021,0,160753581
0aed7a40-85f3-4c66-9e1b-c1556c57001b-15,15,2020,0,3881287
8e374fd7-664a-498f-9dc8-f0e1a9f358dd-108 3,108 3,2017,0,680126512
4a069f30-c266-44c0-be33-f1e1433b7d15-30,30,2014,0,2054963183
f5982c19-deca-42dc-adf6-788a5919e1e4-43,43,2021,0,51139589
44f833f0-5cb4-4b2d-a251-bdb39ee536a4-78,78,2021,0,2107540096
995a88a2-5865-4381-9cd2-c018c783323d-nan,,2021,0,6182506
a901a976-60b4-4654-9618-9c8344491f1c-20 5,20 5,2022,0,116265528
b45279ec-9088-4d27-9697-4a9e81ab556a-21,21,2019,0,5354119
4cf96718-6c79-4782-a4ef-a8288b2022c3-nan,,2019,0,4075373
991ac027-22eb-471b-b604-18413ae682a6-51,51,2018,0,79516093
992e3995-f295-4778-a913-3fe2f227da3f-89,89,2005,0,2110141654
edb009e0-8764-47dc-ae3d-4fda473d3c32-15 1,15 1,1966,0,144257918
12fff95b-d469-49a0-84a5-4fd4696c3f28-192,192,2020,0,1774210
9b4a9fc0-359f-4001-81bb-a1450dff3c6e-nan,,2021,0,5243948
99d15fdc-85e9-4627-969e-c8865824b683-nan,,2021,0,9451468
caa15e82-50ae-40e3-963d-06734647f46a-89,89,2004,0,12295448
3c011c13-ca76-48a8-846d-72a14f8a326f-32,32,2018,0,7353537
02af1b8c-6768-4f42-afd4-0eee77887a50-99,99,2014,0,861988843
7e6d0154-f117-4438-8ec6-ea14ba122636-48 3,48 3,1974,0,35131594
98ba351e-edaa-4625-97de-de4d134f4c3e-nan,,2012,0,153338022
2cdc0127-f574-4970-a7f8-cd87a6975181-100,100,2005,0,948263660
a714ad7c-92bf-4c88-ba04-b0086fb72e7a-108 42,108 42,2012,0,51302372
9dd8bbe4-261f-451b-a270-c574526327b1-2 2,2 2,1985,0,7412688
42226ffd-4597-4ea8-8cd6-b68bc7728cd0-212,212,2022,0,2058936182
cb66f0d0-958c-4f1c-9758-86d4bfe89708-nan,,2019,0,6445056
92860f3d-6cd0-4e2e-afe6-ae87c5e9b94f-62,62,1998,0,14104787
fcf68436-815b-41ff-9912-c435ac687663-29,29,2022,0,153304336
a5913268-3957-484f-b41f-347b0ba23338-nan,,2019,0,48021297
ea61f7ab-8d9a-4ae7-ba59-3f50000c9d9c-30,30,2020,0,145040969
93162fed-6f4e-43ac-b14e-53eff6349bb4-nan,,2021,0,5808599
9a2ff64e-18ef-48ff-a310-41910ff8ad78-nan,,2022,0,5142999
a162e192-cd09-45e5-8467-2c2f31bebae1-nan,,2022,0,8783259
e3d75b3e-38ce-427e-a3f3-584d588c6a7a-nan,,2021,0,767519227
b481bac1-d516-41b4-b947-5d7fc2569b35-nan,,2021,0,20109977
791be2d4-5c56-4b33-82a0-e4b4e1c3c03a-64,64,2020,0,113065080
84f04a9d-f8ad-437d-ab46-cb846d9ce1c1-62,62,2020,0,6445056
cf1b9554-455e-4565-a1ae-aa7d9a10b8ab-nan,,2019,0,3461493
59e71779-6ef3-462a-a8bf-6f9a1b7ed54a-19,19,2018,0,95741151
ad2ae6f7-53e8-442e-900a-bd9ab7ff3865-80,80,2016,0,2199240495
f0ed97d4-5d9b-4cb1-892a-ae0f91b368bc-17,17,2017,0,34570183
910f05b9-f423-44fc-9fc1-c6b3d2481fe0-9,9,2016,0,48229957
eae0d6b9-74db-4d4b-877e-7f0aebe2867d-8 6,8 6,2020,0,2111049587
25a71dc7-cafb-40da-a773-86dec5d4d682-36 10,36 10,2020,0,47581413
36020338-a0e3-4eba-aa2f-78a1815fd1a6-13,13,2018,0,3550720
d2b6f83d-a912-40d2-af6d-03ad01c81c5e-82 8,82 8,2018,0,32678490
4502a19c-ac5e-45a7-9302-2f7b3bcdc0b7-114,114,2022,0,38063259
7fe84005-586f-4604-98ee-fa60fe8ae618-12,12,2023,0,38796005
8506a01a-40b8-4e6f-bbb8-ce2492139c15-24,24,2023,0,144677342
4c767dd1-3ca6-47ad-8c31-4e4d3fd5a8fd-22,22,2022,0,5224914
8506a01a-40b8-4e6f-bbb8-ce2492139c15-23,23,2022,0,7381761
b609baae-9a66-4db1-af81-5b70e926c829-nan,,2022,0,1782411
4421de24-b6c7-4d82-b06c-d49c9bed6db5-nan,,2022,0,40860108
20f49295-6ad9-4d39-ac66-a41cd69f0e19-9,9,2022,0,179624321
bfadef3c-766f-411b-9dac-69780835ba24-44 8,44 8,2022,0,516762220
721ed878-9136-408b-b2a3-dce27b9fa39e-12,12,2022,0,504219798
91b19bbf-b6f0-46c2-bbec-6bcfb5463d4d-27,27,2022,0,5990570
18977992-f8e8-4922-8c81-8230172787bb-49 2,49 2,2022,0,415238978
611f3016-e211-4bf2-adfc-3b8b183314b5-152,152,2022,0,153865959
ac4f158a-5b5a-4726-a7f2-f96593daf66e-nan,,2021,0,698990801
3096eb5c-d18c-4877-94cd-28edd3a9c357-18,18,2021,0,144791107
9e4222ac-5a6b-41b6-a08f-5ba74c5c12a8-263,263,2021,0,32448787
6fd9f442-a5e5-4ae4-ba0c-f8c608a30a50-nan,,2021,0,50105910
7a81d01c-ee3f-4f27-b696-01f35da67f22-1125,1125,2020,0,47946899
ed779cb8-b256-4933-85c7-2ca9868bb58b-nan,,2023,0,4936381
ed779cb8-b256-4933-85c7-2ca9868bb58b-308,308,2022,0,46957052
6254b414-4c13-4cfe-aee0-2b48bcdc51e9-nan,,2021,0,49559787
558a3215-8ffd-4b31-be7f-f653ca3b600d-9,9,2021,0,7713875
78126a6f-e060-4c16-a5f7-b9b049174996-76,76,2021,0,49639287
2546e5d5-fbeb-4173-aeb0-97ed573a1285-nan,,2021,0,120658032
3efe0b58-b06e-42c1-8a30-01b13201c739-36,36,2021,0,46932354
8775599f-4f9a-45f0-900e-7f4de68e6843-nan,,2021,0,1398552045
326674e5-1f35-49c1-98db-2fc2da49b26d-nan,,2019,0,942150550
2c60bff9-794b-484c-83ab-9212eff9fc5a-12,12,2022,0,879435702
838ff4ce-eb2c-46a1-b514-e3f420897469-337,337,2020,0,4734460
77e3fc20-2a7a-41df-a06d-4d80d9223e04-103,103,2018,0,846528407
d9fc0109-f144-4b6b-b9d1-9ba45f0e1566-14 8,14 8,2014,0,636741681
b440a04a-022d-4b81-9ed7-2fc8cb1f70a1-65,65,2017,0,2054946750
5c1b6b09-1246-465e-b292-b96a4e4c179c-86,86,2023,0,308290630
1dfaa555-69de-4420-8883-a43b394191ef-10,10,2022,0,40638151
6a38ab1d-f5b7-4a0e-855f-0350f3eefd11-254 Pt B,254 Pt B,2019,0,143870168
c1e3e9e7-16cd-4a0c-90e0-fd54b22deb01-145,145,2019,0,2108384213
4c8a81b0-9ddf-4e32-adfe-00fdbc9f9fcc-238,238,2019,0,2054473409
fb13e2e1-5b0b-42e1-bd2d-a962be02827d-41,41,2018,0,91484465
4c8a81b0-9ddf-4e32-adfe-00fdbc9f9fcc-171,171,2017,0,144970996
bb036d47-4923-4bce-a638-b26b01a31bc1-167 3,167 3,2015,0,2122871101
84f04a9d-f8ad-437d-ab46-cb846d9ce1c1-56,56,2014,0,192302221
cf1b9554-455e-4565-a1ae-aa7d9a10b8ab-48 7,48 7,2013,0,778164463
7a4a2cd2-0615-44b1-83c3-d07ad89415b4-4 1,4 1,2010,0,1857874863
995f308d-b277-4d5d-8d5a-3bc30438c620-85 3,85 3,1988,0,37772823
67ec2d57-96f9-4eb6-b7a2-b1766aee610a-19,19,2002,0,50057097
ae7a3201-e479-4666-8a93-3d35d6bf7cd1-11 8,11 8,1972,0,2147457516
d1d486ec-2c87-4721-8bca-f399625d18e5-124 1,124 1,1968,0,10739654
2af06e1c-c45a-43d7-92d3-adfce7014142-nan,,2021,0,5243948
db54ab8b-cf08-4de6-b69a-0fae0f4ab997-99,99,2019,0,36751834
db54ab8b-cf08-4de6-b69a-0fae0f4ab997-nan,,2019,0,469546684
e9143cef-f388-4a2d-a45b-ff3122269f76-94 1,94 1,1987,0,144482154
2d2c0349-4b4f-4695-9099-d19f36f4f312-66,66,1999,0,1503600459
3918032f-b799-423e-be9e-8d7a8da9bb5e-26,26,1991,0,144455341
72390b02-108e-40d6-a989-7293b779f864-24 4,24 4,1987,0,401848725
d4a5fe3b-9c8d-4b96-a023-0fe8d2a3156b-27 6,27 6,1984,0,585252911
3bf37726-f531-4b3c-99a6-b1e22ac2d23a-11 6,11 6,1980,0,152404534
f59506a8-d8bb-4101-b3d4-c4ac3ed03dad-205 4411,205 4411,1979,0,87330323
a8009bad-664b-465f-9fc2-8656bc637bc4-121 A,121 A,1979,0,34810801
c36994f0-6b03-4e86-9f48-6f6d2b1cc516-35,35,2016,0,2069266253
d5594aad-095f-4587-802a-b011732c7100-53,53,2008,0,379010500
37f1b09a-a6af-4878-9836-fef05322a84a-4,4,2022,0,521068948
3f7605a7-7e53-4ff7-8895-42f09a5f4355-13,13,2022,0,5837331
f99f77b7-b1b6-44d3-984a-f288e9884b9b-11,11,2021,0,1401705580
8dcbaea5-3cdb-48b3-9f93-45c12ca1bb91-22,22,2020,0,2205810468
d5e5b5e7-54b1-4f53-82fc-4853f3e71c58-,,2020,0,2060326839
3416dd37-f45d-40ed-b04e-875fcff8fa2f-12,12,2020,0,50260440
52edfc09-8d65-4876-8560-84530d7259b9-38,38,2018,0,832344088
31b2ea45-decb-4c4d-8e3e-683974781c91-14,14,2022,0,2073784912
e7e098c6-0b35-437b-b685-08c74931e19a-38,38,2022,0,34691454
abe07b93-ae8c-4a4b-9b4f-6971f0b656c4-nan,,2021,0,5365315
29c86519-a0ec-42da-8e00-c99b331ab98d-nan,,2019,0,15854108
fdeb07d1-a046-4a1a-98aa-167e7f8e667a-9,9,2019,0,2191659488
477368e9-7a8e-475a-8c93-6d623797fd06-81,81,2021,0,3325567
2633f5b2-c15c-49fe-80f5-07523e770c26-8,8,2020,0,14951142
312ca99c-9149-490d-813e-c60d5e949f65-32,32,2020,0,34691454
228761ec-c40a-479b-8309-9dcbe9851bcd-6,6,2019,0,5405145
38e536b3-c893-4eab-8177-5cd8db8952e3-70,70,2018,0,13503488
48433268-b689-457a-8e57-36895fd4f04e-99,99,2017,0,12810272
ea8ee4cd-cdca-47a5-9aac-ffc71218835e-36 6,36 6,1989,0,32678490
e7b43e87-f462-44e0-b6a3-a7e66e14f754-3,3,2004,0,9328789
69023371-3234-479f-8740-93c23fb6de77-21,21,1994,0,348074320
69023371-3234-479f-8740-93c23fb6de77-19,19,1992,0,137106583
69023371-3234-479f-8740-93c23fb6de77-18,18,1991,0,1690341
2ffaf997-f719-4744-8142-983c334b1797-93 4,93 4,1988,0,2064927386
25564909-d7a4-4642-ac87-ffe9b2565807-2 1,2 1,1983,0,3944070
73064ef3-c116-4d69-b91b-90e6b26387ed-11 3,11 3,1983,0,5253226
a3da0b9b-c8ef-4c37-94d3-27c2d2dd4e90-79 4,79 4,1981,0,2072520307
73064ef3-c116-4d69-b91b-90e6b26387ed-8 1,8 1,1980,0,48888104
2ffaf997-f719-4744-8142-983c334b1797-nan,,2020,0,576283830
5b8fa84c-8f83-422e-96c7-c3fac38103ea-15,15,2015,0,34687332
e1f2b2ea-7393-4401-8e7b-d687d959a76f-73 5,73 5,2012,0,526593497
e1f2b2ea-7393-4401-8e7b-d687d959a76f-72,72,2011,0,682645761
96fa7399-a724-43de-bec7-f09a913e77da-42 12,42 12,2008,0,896568540
96fa7399-a724-43de-bec7-f09a913e77da-40 11,40 11,2006,0,5314779
137df871-0be4-4ea4-9f85-52b2b36070a3-136 12,136 12,2005,0,5538696
d9088a5a-8827-4f42-87bd-5d9573e62b70-36,36,2021,0,630199873
ffaa4409-29fb-4245-a496-c51b151f9f5f-35 5,35 5,2002,0,29264234
63e2bb2d-3e51-4550-b8b2-5ba5358cf0cd-16 4,16 4,1999,0,17357405
be767b53-ec92-42d8-9b36-cebc40671619-32,32,2022,0,123532804
84a6a8b4-8e85-48bd-b65e-a83d83f95908-14,14,2023,0,37655674
d3ae3381-de93-4bdd-8db8-116ee00bed9c-16,16,2022,0,538045287
688ed77e-05c0-41d9-a9eb-2e36e97ff5cf-15,15,2021,0,2112805779
3b438704-c051-48f5-b845-623aaf356acb-36,36,2021,0,46412281
d4525739-ab7b-46fb-8d02-be69160dfad7-42,42,2019,0,2201184337
7428aed7-e899-48c6-9af1-443b8a5bfb36-43,43,2016,0,1781867
45723ce3-7b17-4d2b-92c0-c9f30be1a6a1-88,88,2016,0,4200466
63de4636-fd45-4e28-8726-ff0570af5387-10,10,2022,0,2118759235
8159f461-58cd-4bb5-9fe3-407097ef2852-6,6,2022,0,8451292
d53bef3a-0ad1-45eb-8197-017297145573-28,28,2021,0,2112488429
28d1c5f7-9393-49a1-9df8-738e3f3811e7-nan,,2021,0,746994111
0b8373ea-5505-4c96-99ff-b8da87a2ce3e-13,13,2020,0,48057454
9856035c-170d-4e13-81d2-6f84cb5aa166-nan,,2019,0,1398298991
2e8eb881-9847-4de2-82f3-8aaf7a622e13-104,104,2019,0,5393432
9f4695f9-3d15-4a02-9a4a-8c1597f5ec1d-107,107,2019,0,49573174
9856035c-170d-4e13-81d2-6f84cb5aa166-6 38,6 38,2018,0,2837177
098d941f-120e-4f86-8969-40004d31e9ec-6 6,6 6,2018,0,4575411
d4fc9f5f-8c7c-476a-b194-828f86b86491-10 1,10 1,2018,0,2047005708
b07fa1da-5ee6-4b4c-b227-9af39d1dcef0-19,19,2011,0,944724051
2bbc1e45-4074-471d-b003-2c8f5a99cdb0-70,70,2022,0,11335582
4552f571-dd46-4bc5-a290-4faa81df1be0-36,36,2022,0,962922033
f65026bb-121b-4121-bec7-8394af26da77-nan,,2020,0,7313440
bb27e645-e57c-42c3-bcbc-c7b443c58209-52,52,2020,0,3086377
1c60c14e-1b6e-4198-a3de-545707da4d81-nan,,2022,0,145736169
7d3c0955-3934-43f4-b953-1347b258f612-17,17,2022,0,2070250293
6499d076-6328-4c2c-8f87-d75c624eb530-30 5,30 5,2022,0,12828429
e6216b43-2428-4aaf-8101-b40e1dfd2810-12,12,2022,0,4106118
4b1fd7f5-3b44-452b-b185-dcd785a81edf-183,183,2020,0,7557666
4b1fd7f5-3b44-452b-b185-dcd785a81edf-nan,,2019,0,5538696
6c240c46-2fe1-403f-9a29-5b5e99579d03-nan,,2022,0,3462536
ebdc1fa7-c0b8-4019-9767-015d6a824ba6-15,15,2022,0,439321362
5b97da83-0106-4e9f-aef2-4c3006afbb2c-9,9,2021,0,113989321
e225ec90-4e80-4fbc-87c5-3a212a0214b1-66,66,2021,0,35440105
576b59f1-6a2f-4286-a086-6ea6a944675a-nan,,2023,0,145764442
aa3da1b8-67ea-4019-b2ec-97ae9e59a63b-29,29,2022,0,2145183864
ed5af7a7-0708-4dca-8930-368203e65b06-44,44,2022,0,49828678
c0052eef-c840-402a-9388-641c3a456c1b-20,20,2021,0,5888854
1bb9d4f1-b232-499d-b2d2-dd17b5f2cc88-15,15,2021,0,146117872
e57f7e14-2158-47fb-8409-d4f185d70242-27,27,2021,0,33568237
9888b440-2c06-477b-9a8a-d051b0287fbc-30,30,2021,0,10491592
2baad992-2268-4c38-9120-e453622f2eeb-23,23,2021,0,2086748196
b7cbc3c9-e2a6-4323-8864-609fb18c543b-61,61,2021,0,1397297334
441c5671-cab6-440e-8f38-86ebd1b65b7f-nan,,2021,0,50201712
07931092-9002-4e9f-a62d-00af30be540f-11,11,2020,0,1421157409
92e5a24d-eeb8-42a4-a290-a40667894cf5-62,62,2020,0,40386212
e9a44b89-3d84-4bff-8c78-c53cd2ad7cf8-12,12,2023,0,26913424
6d1fca76-6ee3-49a2-97d5-ff9ef2567ce5-nan,,2022,0,1706942
9a272984-d484-429f-b0b2-1597b1fc107e-113 Pt B,113 Pt B,2022,0,1403577488
3096eb5c-d18c-4877-94cd-28edd3a9c357-19,19,2022,0,119656208
145b9a93-ba02-4691-b7ef-b5fdc4aaa8a3-37,37,2022,0,2129988
33f68909-043d-420c-b41b-00f6ee97db43-232,232,2022,0,3715325
33f68909-043d-420c-b41b-00f6ee97db43-230,230,2022,0,48121260
b5aaa937-18c7-4a65-84a1-52713f6080fe-28,28,2022,0,30824217
a172add9-e6ed-426e-9509-2e84da395a2a-nan,,2020,0,15221399
19f5f87c-9a59-4397-9acb-88036fb67d36-134,134,2019,0,145079927
ea85ba07-ca09-47d5-8626-f0df6ab56312-71,71,2017,0,2504848
08ee3346-e195-4333-b008-be3a4f9e23cd-1864 5,1864 5,2016,0,481601285
0aed7a40-85f3-4c66-9e1b-c1556c57001b-10,10,2015,0,144257662
2c469df0-fa01-4dee-8f25-0d87a6fc4ef1-15,15,2015,0,47473830
cf6cc347-aedd-4780-b284-476e6d71a284-6 3,6 3,2014,0,5869498
0aed7a40-85f3-4c66-9e1b-c1556c57001b-8,8,2013,0,2115495868
c7bbca07-9604-48a6-85d8-512fa663722e-10 2,10 2,2011,0,14757979
15ab6d75-0b73-455b-9f61-16f62a8fb66d-23,23,2010,0,121989004
77ea5ab3-9839-4d77-bc43-30bcb5c4ab30-1,1,1960,0,1744466
e95c8d18-09be-464f-a3cf-5b2637f0eff6-16,16,2020,0,152579226
e1b18316-e0d4-4006-aa13-129890a757fc-28,28,2020,0,49507099
5012d97c-98b7-4f53-90cf-1b8eb8c04295-65,65,2020,0,82103680
f417b974-1993-4b8d-b05b-6457e1ab02c7-54,54,2020,0,883517084
d741ad2b-c57e-4b4a-a8b7-1aaeb70d96b4-13,13,2019,0,131010331
4f9c2bb7-ec38-45aa-b0b3-8bd7680ccc1f-51,51,2023,0,152370197
be0ad9ff-aa43-4af1-b3b5-4a41c9f81cb0-22,22,2022,0,3605861
10a4a695-8417-42c7-983d-742df48b3905-187,187,2022,0,495103093
d453966d-1b91-4e33-b75e-bb4ead55f2a4-31,31,2020,0,145826681
47464297-4c88-44d5-9112-53a865e99be5-60 17,60 17,2021,0,6563385
8e1bd4b5-d5b2-4e22-ba0a-01fe5568d472-7828,7828,2010,0,4813463
60538382-994e-41df-b512-6ff16fedd7cc-13,13,2021,0,153865959
bc946b89-5188-4a8f-b9b6-61b71dd9fccc-170,170,2020,0,2690599
3c77be64-fcd3-444d-a98d-f563ab841a7e-14,14,2022,0,4695469
7fe84005-586f-4604-98ee-fa60fe8ae618-10,10,2020,0,144072101
e28a224b-8ddb-49a6-82d2-17f23c68b30c-12,12,2021,0,368724089
39058e09-c13a-4545-a8a3-a75581460bc2-11,11,2021,0,11829624
938045a1-b90a-46d7-a099-5aa234412fdb-29,29,2020,0,49184152
baca7f5a-2d4f-4158-b527-ab08fb52845f-33,33,2020,0,50468836
1c94bb2e-f9df-43a1-b99b-5590cca7d15f-202,202,2020,0,2189698
f76d44a2-ee35-4b08-9d66-95c373a13a5e-381 2,381 2,2008,0,78287265
e8ca7ac1-3bc1-4292-8d39-69c321ae0e74-20,20,2006,0,46663785
0822abe9-1a76-4fa0-be43-9c25f0418f8e-23,23,2004,0,11427558
e8ca7ac1-3bc1-4292-8d39-69c321ae0e74-15,15,2001,0,39949177
3c8f4cec-a435-421a-b301-785e136e65e5-182 1,182 1,2000,0,540214109
9b07daf4-3c7e-4798-847b-5005416bc8d5-18 13,18 13,2000,0,2146942004
1a5c69a0-eb2a-4c17-aade-ef464d085987-59,59,1999,0,144742252
8a4c6407-d5df-4cba-98fa-53d475ad8faa-14 12,14 12,1998,0,120440840
47464297-4c88-44d5-9112-53a865e99be5-31 2,31 2,1992,0,37474083
84c9bfd4-aaed-4997-a24b-d4546c66f907-29,29,2018,0,52026272
c7227e89-93c0-4fff-9f44-ddd62529fc3f-11,11,2021,0,6696490
b9238bf6-01ff-4eea-bca7-73a533e08a8c-42 4,42 4,1992,0,1399012697
043f505b-68a5-43c2-bed4-09a34982173e-48 2,48 2,1992,0,145109381
043f505b-68a5-43c2-bed4-09a34982173e-47 4,47 4,1991,0,596956896
d30776c0-e524-4f14-a524-871d0586862c-12,12,2020,0,2143784874
b1739e5f-9d57-4bb9-b1da-82487b2fa362-111,111,2005,0,487671007
044718f7-28e8-4855-964c-63e15e19aaf4-9,9,2017,0,5693992
fa1f0815-0811-4291-b4fc-8230a6c9bf5b-1363,1363,2016,0,639174163
1ec2aefc-fc1e-40a8-94f5-6df6dc894032-64,64,2012,0,539194822
3b438704-c051-48f5-b845-623aaf356acb-26,26,2011,0,49324561
f9124e67-fd8b-4245-b0b9-af8c522de958-49,49,2010,0,31769763
011a90c7-7490-45ee-ae3e-63c72d01a408-36 3,36 3,2009,0,27016132
84ca1336-700b-4f67-8aa2-e03194cb4670-111,111,2001,0,705536153
84ca1336-700b-4f67-8aa2-e03194cb4670-110,110,2000,0,77284899
3eb857d1-b5ec-472a-8cc5-29549bda0efc-48,48,2020,0,458400485
eb250ef4-53d0-4d3b-96a4-06717843429d-nan,,2019,0,721408813
f01cecb2-2e15-44d4-97ce-2575886e7d01-18 44,18 44,2012,0,89245077
3f93c423-8b91-4f5b-bd95-d36515c1c553-53,53,2009,0,2152504700
eacf3df5-edb0-41b1-b1f2-b3369bd272c2-52,52,2007,0,143602026
cbb0c69d-3289-4e83-8be2-dbdb5bff45de-4,4,2006,0,831430792
3f93c423-8b91-4f5b-bd95-d36515c1c553-49,49,2005,0,391953284
3f93c423-8b91-4f5b-bd95-d36515c1c553-48,48,2004,0,3514982
56753896-ea87-41d6-a80a-b4ddc8372318-,,2002,0,4370414
95df9a49-778f-4ec4-ba72-2a6cee13b02a-93,93,2001,0,759913560
3f93c423-8b91-4f5b-bd95-d36515c1c553-45,45,2001,0,84053192
3f93c423-8b91-4f5b-bd95-d36515c1c553-43,43,1999,0,4810281
da292105-15e3-4866-8284-3e6373069daf-49,49,2019,0,3427939
3227dfc6-3c54-47e6-a0fc-39be9c511d98-46,46,2012,0,2087257077
db50471b-6255-422d-9b0e-4289b07fd158-42,42,2022,0,32678490
abc0c598-b988-4841-a8c5-65bfa6f3df77-10,10,2022,0,144392961
99d8e4e8-b392-4192-8a02-1dabd1a359d6-45,45,2022,0,153822261
3bc0e661-dc2a-454a-9ff5-6515430ce9ff-8,8,2022,0,1478444208
8bbffbf0-5dfc-4485-b4b1-d177fd330b21-2021,2021,2021,0,4505052
51278f27-cfdd-4938-81e4-9d54ca7b3cd0-10,10,2021,0,3326675
724a39cf-ef0f-49be-9322-ec7e423d03e6-43,43,2021,0,1937101
099a2ecc-54f9-42d3-9ea0-0189027aa04f-296,296,2021,0,146655666
6a126a8f-6ca0-467b-bc06-b8a5f36dae29-5,5,2020,0,31984327
cdf4bb1c-e624-482e-8289-da2009c4c31a-236,236,2020,0,11389934
9e867a6d-79c2-4cef-b939-738283fc3e3a-22,22,2020,0,1860603
15a12adf-61c6-4c5f-9edc-675b2ee2f6e2-8,8,2020,0,3280068
219d1d7d-8f62-491d-86d9-1430b9d19c35-12 12,12 12,2020,0,2059585586
51278f27-cfdd-4938-81e4-9d54ca7b3cd0-8,8,2019,0,145088135
b57dc872-5fe7-4ced-aa7d-c25e6425a7de-89,89,2019,0,4853679
e57388b1-2c6e-46ed-b693-50e2334732d3-17,17,2019,0,115084385
5bc5dd42-09ab-4ce7-bf5b-8355ee95577c-153,153,2016,0,126913097
1954882c-493a-4098-abe4-fcd30f330157-120,120,2014,0,49655786
250bfd38-00d4-4635-9507-8838d79ebb72-48,48,2013,0,36245210
4c8a81b0-9ddf-4e32-adfe-00fdbc9f9fcc-86 2,86 2,2012,0,9115179
15049b43-0af1-46bb-8a0b-83e5510cefa0-59 23,59 23,2011,0,8555757
10aeaa7b-eb72-46ce-9823-168542246e83-25 5,25 5,2008,0,4257476
02bf11d4-dd88-4e0e-b7c4-084d3fa17c2f-nan,,2023,0,1398308371
69f81360-7402-42dc-8bfe-7e0ddd495b8b-134,134,2022,0,1965955400
7dbe09db-be44-4485-9711-8986e1c3bd6d-31,31,2021,0,15640403
85fde20d-1999-472d-b2ac-8f44f59809fc-10,10,2021,0,2112805779
5a4315f2-7985-483e-a8a3-0f513afa190c-nan,,2023,0,267945500
87c855fc-c59a-4443-832a-e5b1ca14b9f3-14,14,2022,0,50859553
142347a8-a3f6-4ce4-bc56-09bc8fc9461d-9,9,2022,0,548644640
983fd916-c977-4314-840b-3fdd258647fe-46,46,2021,0,1398510823
1a29df73-1926-4aee-af99-8b3b4537f9a0-24,24,2021,0,520840904
1cd505d9-195d-4f99-b91c-169e872644d4-nan,,2021,0,66814404
0ed0ece3-f3ec-4835-aaab-1d840a580c55-39,39,2021,0,49902943
6b6df2de-21bc-4137-9859-3fcef46f6a21-2021,2021,2021,0,2122804645
0fe66fba-fbae-4230-afc2-1ec945024c86-29,29,2019,0,2048321296
9bdb673f-49a2-4f38-b2fc-618ea577a4ad-136,136,2019,0,2859571
e940bdf3-601c-415d-95ed-9c0197737d03-8,8,2018,0,52550528
eb073d51-e2dd-43a0-a9b2-8bd80eb3c976-nan,,2018,0,741807001
dce542ed-f32a-410a-9ad0-ce01afb35cde-nan,,2018,0,8865252
027ffd21-ebb0-4af8-baf5-911124292fd0-nan,,2017,0,4143365
185d0b79-ac59-4503-bb30-14fca2190fc0-10,10,2020,0,32593111
7eae9fc4-93b3-4df2-a7d0-e1f56d65dab2-26 4,26 4,2018,0,113019868
8d7ff3bd-2385-47a4-8f55-b2c48363704b-12,12,2020,0,2053403512
02bf11d4-dd88-4e0e-b7c4-084d3fa17c2f-125,125,2010,0,90959725
739f9e67-4bdc-4221-83b9-7dfa3263631c-50,50,1960,0,305757235
739f9e67-4bdc-4221-83b9-7dfa3263631c-44,44,1954,0,38900673
4ebf6aad-eb7e-4e84-8fd9-cc79a4158c49-45,45,2021,0,300864215
1186b14a-7b03-409b-97c0-b8ff77066e0b-151,151,2021,0,465668153
1186b14a-7b03-409b-97c0-b8ff77066e0b-nan,,2021,0,23522796
9c4d02b0-3cd7-4b37-8b68-9e9eb96472f6-33,33,2021,0,618711764
9b631161-6615-499b-8750-7d170788c514-46,46,2021,0,50480424
80c7d68a-cb07-4bb4-b5fb-406f73659716-nan,,2021,0,435386144
89489694-27f4-47d8-b7da-38d0780b7357-40,40,2019,0,5536745
619f1d85-7b3f-451d-b795-3f40e3019fd4-nan,,2018,0,28031034
056efaa3-b9f5-41c6-b9d1-668f5d6fa759-39 ( Pt 3),39 ( Pt 3),1995,0,98295216
40d15aa1-c74e-4ad7-8745-8120cf39865e-8,8,1989,0,2558299
be6bebbc-846f-454e-938a-cde6d9c9df4b-30 ( Pt 3),30 ( Pt 3),2008,0,755467617
6401bb05-050b-4beb-8824-066cb2938eb4-nan,,2020,0,575038685
0aed7a40-85f3-4c66-9e1b-c1556c57001b-13,13,2018,0,916497476
c0fcfef6-778d-44e2-967e-3c129214166a-29,29,2016,0,364689779
da025a2f-daa1-4351-92a7-3ebbe15ebd9b-31,31,2009,0,144756687
175cd389-c5bd-489e-a4d3-a03010e52343-6,6,2013,0,145585059
14e703a0-3798-4446-9a68-94bd2a918b4d-13 6,13 6,2012,0,3885358
09246bed-4d95-4656-9c5b-5ce1b3074cb3-159,159,2012,0,3391776
a0ce3a50-4870-47f5-b0e1-52b73e07f50f-10 9,10 9,2008,0,2107388998
cc6aaf97-8b1f-4911-853f-9b7dd1395530-2,2,1996,0,486872916
87594dc3-0bac-42da-9bb5-1a2c166e4ae5-nan,,2021,0,7412688
b308ec25-8043-470a-a42b-0f3f8741f387-16,16,2020,0,52208693
83ff973b-8a0e-4e00-a06a-2cfd9e222de9-11,11,2013,0,802184749
3096eb5c-d18c-4877-94cd-28edd3a9c357-14,14,2017,0,2953052
0d46a6d7-94c8-4206-a9f6-6a81388f964d-53 11,53 11,2010,0,152305808
915bb47a-fb19-46a3-accd-316718d6ed7e-14,14,2008,0,593122713
44b820ce-9b6d-4bb2-8b5f-af58b97ae262-5,5,2006,0,2133904842
ab042adb-76b4-42b3-ab2c-81762940e6b9-43,43,2008,0,114515001
08a73e8c-80f1-443c-bc04-6445466194ec-56,56,2008,0,7486333
585f106b-e284-48f5-acab-36aab12a5ab8-nan,,2021,0,2054846420
d6542658-10f5-4d1f-85cf-fa0b5f23c258-12,12,2019,0,932881834
e49e5c20-4698-44b0-be2d-d13bd84190aa-22,22,2019,0,152383211
edfb3c30-7e3b-4bc0-8fca-85efa19ae53c-nan,,2019,0,153766952
b7a046c1-ab7d-4b9d-9e12-21a87a4914b3-37,37,2018,0,2142273084
06b4cf16-aa4c-4719-887b-f95dcacc0440-29,29,2017,0,2152947756
d64970b5-c111-42a8-aef4-66705a3b73dd-59,59,2021,0,2118877135
1283a59c-0d1f-48c3-81d7-02172f597e70-64,64,2019,0,2504848
074e1182-55bc-4c39-ae48-40280cdec7bb-75,75,2012,0,3203819
1283a59c-0d1f-48c3-81d7-02172f597e70-60,60,2012,0,5522400
f48a1bc9-b0e5-446b-a40b-a9d2497f3e04-77 6,77 6,2013,0,2109286096
f48a1bc9-b0e5-446b-a40b-a9d2497f3e04-69 7,69 7,2005,0,7729879
cf1b9554-455e-4565-a1ae-aa7d9a10b8ab-39 2,39 2,2004,0,370942971
d4a381fe-9cc2-48c5-bf20-64eefeaedc2b-56 1,56 1,2010,0,2068607107
39da5af4-7f26-4cc8-8363-968068328ded-4 4,4 4,2009,0,3463087
8f99db2e-5ab5-462f-829a-8eeced9b7be1-1184 1-2,1184 1-2,2008,0,50988239
398b46b8-6014-4478-b7af-f477167f7bde-127,127,2014,0,2181984029
0c74341d-dff9-455e-a401-8950f0826867-22,22,2013,0,50080803
3066c994-687a-417d-9f08-dabb65f37093-23,23,2022,0,1576372398
b712be20-2e99-48d0-a5dd-e62e6ffc3fdb-74,74,2022,0,2114081152
666e1b2f-6010-4013-8eef-a73479368d2c-2,2,1987,0,1739414
bade12e5-f20e-4b51-83a6-534e3705569a-98 10,98 10,2019,0,144364682
3a435ff9-d0c3-4eb9-9a89-992c0f8bf398-12,12,2020,0,157979870
87c855fc-c59a-4443-832a-e5b1ca14b9f3-12,12,2020,0,1892614
91b19bbf-b6f0-46c2-bbec-6bcfb5463d4d-28,28,2023,0,2099666872
d30776c0-e524-4f14-a524-871d0586862c-14,14,2022,0,40147419
011cf95e-1c33-4d8e-84b9-1dd5c95629f6-48,48,2022,0,2004411987
3adfa7f3-9db0-4c0c-8e5c-37b206d7b0e3-23,23,2022,0,4266435
6e136537-18d9-44b2-a3e0-6d07e57e7283-19,19,2022,0,47658809
b79b0683-c9ee-47d6-b861-a68e5b40219f-nan,,2021,0,2770706
91b19bbf-b6f0-46c2-bbec-6bcfb5463d4d-26,26,2021,0,2064927386
66cbe005-8711-470d-9957-9a81e8388a74-74,74,2021,0,2063312517
571af341-cf5e-4257-a1e4-16c38480bee1-64,64,2020,0,910908293
f01cecb2-2e15-44d4-97ce-2575886e7d01-28,28,2022,0,5430123
92b4cb41-aa87-4854-aaad-ce30d0e6deb1-34,34,2021,0,65732228
2ae18de8-1e0b-4f92-9aa3-866ffc4f36e7-99,99,2020,0,3293762
0de80c9b-b164-4398-b00a-da2fc3b25376-2020,2020,2020,0,4647328
f688ea21-8778-4adc-aa9a-63535e68bf09-24,24,2020,0,775112438
23646b6a-80e0-4e15-8458-793e9a299698-26,26,2019,0,49573174
26c84d4a-ce4a-4dbd-879b-d2507b6acf04-50,50,2018,0,877614771
2ea11618-81a8-44f4-9884-0edc41a4b13c-41,41,1983,0,4689104
98b01b3e-721b-493f-a2de-aac73baf7697-24,24,2005,0,50061908
98b01b3e-721b-493f-a2de-aac73baf7697-40,40,2004,0,113019868
d0046ca9-9064-464a-ab1f-8947412a4f14-196 1,196 1,1991,0,22440682
38278c2e-2198-4d61-b807-f318d824b077-9,9,1988,0,2888594
7d071626-1aa2-4dad-a259-bcccedccf44d-160,160,1984,0,2047005708
bf59074e-18fd-4f9a-a1b0-a9bafc16f518-95,95,1982,0,1720873929
678ce279-560b-4a6c-af55-ff68d5c2b544-2,2,1982,0,2114904857
bc4a5170-6e34-4e60-89c4-7f18aee8bf23-5 5,5 5,1981,0,13298651
d0046ca9-9064-464a-ab1f-8947412a4f14-113 1,113 1,1981,0,344271582
8f99db2e-5ab5-462f-829a-8eeced9b7be1-184 4,184 4,1980,0,8922637
b1994124-f1e8-4f96-a165-b6f19a04fe7e-74,74,2019,0,4966730
0aed7a40-85f3-4c66-9e1b-c1556c57001b-11,11,2016,0,30948403
2b946b35-df57-49f8-9d9a-045ee806060f-167,167,1964,0,2059026341
066fa0b1-bbd7-4e12-a6ad-cafd76ba0811-31 6,31 6,1998,0,2055297849
63ed87ae-e104-4cfe-91c9-eb1f2f9ed5b0-17 29,17 29,2015,0,15791871
fb4d95f0-46a7-4feb-b6fb-bffa7b98f19a-13,13,2019,0,1435565395
5206db5e-119e-4015-8871-2265648b8626-90-B,90-B,2007,0,4575411
938045a1-b90a-46d7-a099-5aa234412fdb-25,25,2017,0,48694279
a00fde74-d8df-4613-b825-0fff9f531d3f-abs/2205.12009,abs/2205.12009,2022,0,2542754
cbbe61ca-ba31-4f0a-b64c-49da7a69f20c-27,27,2022,0,291167502
b07ad337-ba9f-48ca-a0ff-59d1643601ac-nan,,2022,0,745609675
e693dc83-bbed-4844-bfa8-a14861fdf715-574 2,574 2,2015,0,422505096
21b36238-c30e-4cf2-aaff-afc89e023d0e-5 4,5 4,2009,0,3425744
011a90c7-7490-45ee-ae3e-63c72d01a408-2009,2009,2009,1,2879026
011cf95e-1c33-4d8e-84b9-1dd5c95629f6-2022,2022,2022,1,8108943
0199040d-80b8-461d-b4d3-66056764c7bc-1972,1972,1972,1,2770825
01c7a86f-47d6-4459-8052-37d94f99a653-2020,2020,2020,1,5902091
01c93b25-c79d-47c7-8eb6-79ac1e1d685f-2019,2019,2019,1,145133879
02605ee0-36de-43af-82fd-5d4653ff6b7e-2019,2019,2019,1,63265010
027ffd21-ebb0-4af8-baf5-911124292fd0-2017,2017,2017,1,2054946750
027ffd21-ebb0-4af8-baf5-911124292fd0-2019,2019,2019,1,5372806
02af1b8c-6768-4f42-afd4-0eee77887a50-2014,2014,2014,1,1855173
02bf11d4-dd88-4e0e-b7c4-084d3fa17c2f-2023,2023,2023,1,47802066
02bf11d4-dd88-4e0e-b7c4-084d3fa17c2f-2010,2010,2010,1,6600071
043f505b-68a5-43c2-bed4-09a34982173e-1992,1992,1992,1,387931805
043f505b-68a5-43c2-bed4-09a34982173e-1988,1988,1988,1,602338749
043f505b-68a5-43c2-bed4-09a34982173e-1991,1991,1991,1,145741402
044718f7-28e8-4855-964c-63e15e19aaf4-2017,2017,2017,1,48656150
056efaa3-b9f5-41c6-b9d1-668f5d6fa759-1995,1995,1995,1,5902091
066fa0b1-bbd7-4e12-a6ad-cafd76ba0811-1998,1998,1998,1,31814634
06b4cf16-aa4c-4719-887b-f95dcacc0440-2017,2017,2017,1,1380548082
074e1182-55bc-4c39-ae48-40280cdec7bb-2012,2012,2012,1,36245210
07931092-9002-4e9f-a62d-00af30be540f-2020,2020,2020,1,2375611
07a7931f-f249-4ae5-8cce-dd0ab1903d5a-2016,2016,2016,1,7023574
07cdd50b-b8ae-4d6a-a59a-cc06582d3287-1983,1983,1983,1,1804561
07ffccdd-217b-4082-9708-128ec80a1338-1998,1998,1998,1,734513599
0822abe9-1a76-4fa0-be43-9c25f0418f8e-2004,2004,2004,1,1821867
08a73e8c-80f1-443c-bc04-6445466194ec-2008,2008,2008,1,5344924
08ee3346-e195-4333-b008-be3a4f9e23cd-2016,2016,2016,1,8183327
09246bed-4d95-4656-9c5b-5ce1b3074cb3-2012,2012,2012,1,515361717
098d941f-120e-4f86-8969-40004d31e9ec-2018,2018,2018,1,4370414
099a2ecc-54f9-42d3-9ea0-0189027aa04f-2021,2021,2021,1,2018331958
0aed7a40-85f3-4c66-9e1b-c1556c57001b-2013,2013,2013,1,1422622894
0aed7a40-85f3-4c66-9e1b-c1556c57001b-2015,2015,2015,1,4485912
0aed7a40-85f3-4c66-9e1b-c1556c57001b-2018,2018,2018,1,114290954
0aed7a40-85f3-4c66-9e1b-c1556c57001b-2016,2016,2016,1,2113563322
0aed7a40-85f3-4c66-9e1b-c1556c57001b-2020,2020,2020,1,36857302
0afa59aa-6c0d-46a7-92c8-73388f5a3c6c-1973,1973,1973,1,2061300521
0b4751e8-b828-449f-abdd-deb042c728ef-1949,1949,1949,1,2047005708
0b8373ea-5505-4c96-99ff-b8da87a2ce3e-2020,2020,2020,1,2107594303
0c74341d-dff9-455e-a401-8950f0826867-2010,2010,2010,1,48994394
0c74341d-dff9-455e-a401-8950f0826867-2013,2013,2013,1,47027476
0cb93666-8c83-4aa0-8b3a-ff24f0c4b9fc-2017,2017,2017,1,4279680
0ce045cd-d837-4b80-98f4-715483fc1962-1979,1979,1979,1,149618318
0d46a6d7-94c8-4206-a9f6-6a81388f964d-2010,2010,2010,1,14487917
0e68f952-7316-4b0e-9470-7e833d0eafa6-2000,2000,2000,1,881349513
0ed0ece3-f3ec-4835-aaab-1d840a580c55-2021,2021,2021,1,764841520
0fe66fba-fbae-4230-afc2-1ec945024c86-2019,2019,2019,1,3039031
10a4a695-8417-42c7-983d-742df48b3905-2022,2022,2022,1,2097221
10aeaa7b-eb72-46ce-9823-168542246e83-2008,2008,2008,1,2483983
111644b3-f1fb-4efa-a7cf-9a6b74af6da5-1935,1935,1935,1,11389934
1186b14a-7b03-409b-97c0-b8ff77066e0b-2021,2021,2021,1,106839511
1283a59c-0d1f-48c3-81d7-02172f597e70-2012,2012,2012,1,514130547
1283a59c-0d1f-48c3-81d7-02172f597e70-2019,2019,2019,1,2065953637
12ace622-3f87-4fa5-99e2-48cc71da77d7-2021,2021,2021,1,11901577
12fff95b-d469-49a0-84a5-4fd4696c3f28-2020,2020,2020,1,459277142
134990b4-0824-4d08-bc6b-61841a023fd4-2019,2019,2019,1,47724896
136c8b3d-48ba-4a61-bcd1-f04045312cd3-2018,2018,2018,1,41203879
137df871-0be4-4ea4-9f85-52b2b36070a3-2014,2014,2014,1,2063890978
137df871-0be4-4ea4-9f85-52b2b36070a3-2005,2005,2005,1,98915145
142347a8-a3f6-4ce4-bc56-09bc8fc9461d-2022,2022,2022,1,759320807
145b9a93-ba02-4691-b7ef-b5fdc4aaa8a3-2022,2022,2022,1,2007577497
14e703a0-3798-4446-9a68-94bd2a918b4d-2012,2012,2012,1,6496669
15049b43-0af1-46bb-8a0b-83e5510cefa0-2021,2021,2021,1,2072171583
15049b43-0af1-46bb-8a0b-83e5510cefa0-2011,2011,2011,1,12352276
15049b43-0af1-46bb-8a0b-83e5510cefa0-2007,2007,2007,1,38109793
15049b43-0af1-46bb-8a0b-83e5510cefa0-2008,2008,2008,1,5720582
15049b43-0af1-46bb-8a0b-83e5510cefa0-2009,2009,2009,1,49967823
15049b43-0af1-46bb-8a0b-83e5510cefa0-2010,2010,2010,1,873546853
15049b43-0af1-46bb-8a0b-83e5510cefa0-2006,2006,2006,1,38559013
1558bc92-3574-4cd1-9b9a-0fccd2957ffe-1971,1971,1971,1,2053023711
15a12adf-61c6-4c5f-9edc-675b2ee2f6e2-2020,2020,2020,1,433360708
15ab6d75-0b73-455b-9f61-16f62a8fb66d-2010,2010,2010,1,92103439
15ccb98b-6b97-45c2-9cf1-b85015b6a729-2019,2019,2019,1,960420842
175cd389-c5bd-489e-a4d3-a03010e52343-2013,2013,2013,1,708678952
177d108f-bedb-4283-af7f-6d3919529bbc-1995,1995,1995,1,777729910
185d0b79-ac59-4503-bb30-14fca2190fc0-2013,2013,2013,1,4856437
185d0b79-ac59-4503-bb30-14fca2190fc0-2020,2020,2020,1,2201184337
18977992-f8e8-4922-8c81-8230172787bb-2022,2022,2022,1,2108115827
18b45ae1-2727-4c68-afd1-a9c56e174c48-2015,2015,2015,1,49397614
18bd75fb-03db-4a15-ba44-fe2fecdef51b-2016,2016,2016,1,47193300
1954882c-493a-4098-abe4-fcd30f330157-2014,2014,2014,1,465532973
19e47693-2094-42c1-b333-786ddeaef505-2012,2012,2012,1,144852963
19f5f87c-9a59-4397-9acb-88036fb67d36-2019,2019,2019,1,1844188
1a29df73-1926-4aee-af99-8b3b4537f9a0-2021,2021,2021,1,16132520
1a5c69a0-eb2a-4c17-aade-ef464d085987-1999,1999,1999,1,144332884
1bb9d4f1-b232-499d-b2d2-dd17b5f2cc88-2021,2021,2021,1,143895133
1bce206e-68bb-4431-9d27-9d8a5072005f-2017,2017,2017,1,4024284
1bce206e-68bb-4431-9d27-9d8a5072005f-1987,1987,1987,1,2063945700
1bce206e-68bb-4431-9d27-9d8a5072005f-1986,1986,1986,1,1423324885
1c60c14e-1b6e-4198-a3de-545707da4d81-2022,2022,2022,1,2242143
1c94bb2e-f9df-43a1-b99b-5590cca7d15f-2020,2020,2020,1,2075634625
1cd505d9-195d-4f99-b91c-169e872644d4-2021,2021,2021,1,2149812974
1ddf450d-8cac-4998-b9f0-29ee0fd569b2-1952,1952,1952,1,2109609555
1dfaa555-69de-4420-8883-a43b394191ef-2022,2022,2022,1,32078675
1ec2aefc-fc1e-40a8-94f5-6df6dc894032-2012,2012,2012,1,2069037279
1f6a6b6e-149c-489e-b919-f10e05d8569e-2018,2018,2018,1,78892585
1f732346-014b-468b-af67-371e4fd031b4-2008,2008,2008,1,14208780
1f732346-014b-468b-af67-371e4fd031b4-1995,1995,1995,1,97897183
1f732346-014b-468b-af67-371e4fd031b4-1999,1999,1999,1,4739937
1f732346-014b-468b-af67-371e4fd031b4-1996,1996,1996,1,2109644062
20f49295-6ad9-4d39-ac66-a41cd69f0e19-2022,2022,2022,1,98915145
219d1d7d-8f62-491d-86d9-1430b9d19c35-2020,2020,2020,1,89020523
21b36238-c30e-4cf2-aaff-afc89e023d0e-2009,2009,2009,1,1478444208
228761ec-c40a-479b-8309-9dcbe9851bcd-2019,2019,2019,1,72426080
2294caa9-0a4e-478e-9cad-c0218907d492-2005,2005,2005,1,104079287
22fa9d61-53c5-41ed-9de0-f4d601bc7347-2018,2018,2018,1,2636418
23646b6a-80e0-4e15-8458-793e9a299698-2019,2019,2019,1,145283885
250bfd38-00d4-4635-9507-8838d79ebb72-2013,2013,2013,1,144071907
25248f80-fe99-48e5-9b8e-9baef3b8e23b-2021,2021,2021,1,2065578072
2546e5d5-fbeb-4173-aeb0-97ed573a1285-2021,2021,2021,1,7202906
25564909-d7a4-4642-ac87-ffe9b2565807-1983,1983,1983,1,2166786993
25a71dc7-cafb-40da-a773-86dec5d4d682-2020,2020,2020,1,628350995
2633f5b2-c15c-49fe-80f5-07523e770c26-2020,2020,2020,1,560242511
2633f5b2-c15c-49fe-80f5-07523e770c26-2019,2019,2019,1,8337847
26c84d4a-ce4a-4dbd-879b-d2507b6acf04-2018,2018,2018,1,48694279
26ed29a9-64ce-4d6c-9024-8b022fd2fe22-2008,2008,2008,1,474795046
27463caa-f361-420e-afb2-77c6be2a1337-1971,1971,1971,1,2398619
28148b64-bce5-4f88-a9a6-664735732a0f-2021,2021,2021,1,3673489
28477905-a66a-4e48-bf6e-2c3518b17bf0-1995,1995,1995,1,39750554
28d1c5f7-9393-49a1-9df8-738e3f3811e7-2021,2021,2021,1,8904872
29c86519-a0ec-42da-8e00-c99b331ab98d-2019,2019,2019,1,9913139
2ae18de8-1e0b-4f92-9aa3-866ffc4f36e7-2020,2020,2020,1,13375891
2af06e1c-c45a-43d7-92d3-adfce7014142-2021,2021,2021,1,31839105
2b946b35-df57-49f8-9d9a-045ee806060f-2004,2004,2004,1,2496323
2b946b35-df57-49f8-9d9a-045ee806060f-1964,1964,1964,1,3462762
2baad992-2268-4c38-9120-e453622f2eeb-2021,2021,2021,1,48855362
2bbc1e45-4074-471d-b003-2c8f5a99cdb0-2022,2022,2022,1,1382539238
2c1f0cb4-af94-4b6d-ab03-1fc4e0d4169f-2019,2019,2019,1,2108886891
2c469df0-fa01-4dee-8f25-0d87a6fc4ef1-2015,2015,2015,1,2090311691
2c469df0-fa01-4dee-8f25-0d87a6fc4ef1-2008,2008,2008,1,2192288609
2c60bff9-794b-484c-83ab-9212eff9fc5a-2022,2022,2022,1,144392052
2cdc0127-f574-4970-a7f8-cd87a6975181-2005,2005,2005,1,2066639384
2d2c0349-4b4f-4695-9099-d19f36f4f312-1999,1999,1999,1,2075649023
2e8eb881-9847-4de2-82f3-8aaf7a622e13-2019,2019,2019,1,8033247
2ea11618-81a8-44f4-9884-0edc41a4b13c-1983,1983,1983,1,2161829
2f653012-899b-4db2-8945-60f9304c779e-2019,2019,2019,1,145088135
2f6dc6c9-f90a-4dfe-8a86-3949bc86aea2-1996,1996,1996,1,4337358
2f9ee757-886e-482e-93c3-8065b9912e63-1967,1967,1967,1,149799193
2ffaf997-f719-4744-8142-983c334b1797-2020,2020,2020,1,145095618
2ffaf997-f719-4744-8142-983c334b1797-1988,1988,1988,1,372639545
2ffaf997-f719-4744-8142-983c334b1797-2004,2004,2004,1,92164500
3066c994-687a-417d-9f08-dabb65f37093-2022,2022,2022,1,39623058
3096eb5c-d18c-4877-94cd-28edd3a9c357-2022,2022,2022,1,40269325
3096eb5c-d18c-4877-94cd-28edd3a9c357-2016,2016,2016,1,5821322
3096eb5c-d18c-4877-94cd-28edd3a9c357-2021,2021,2021,1,2402249
3096eb5c-d18c-4877-94cd-28edd3a9c357-2015,2015,2015,1,21307571
3096eb5c-d18c-4877-94cd-28edd3a9c357-2017,2017,2017,1,1402705761
30a3516f-33cf-46d0-bd04-26474fc49522-2019,2019,2019,1,8337847
312ca99c-9149-490d-813e-c60d5e949f65-2020,2020,2020,1,34948699
31360f9e-e93e-467e-9b41-9fdb3e15ca5a-2007,2007,2007,1,35131594
31b2ea45-decb-4c4d-8e3e-683974781c91-2022,2022,2022,1,1738532567
3227dfc6-3c54-47e6-a0fc-39be9c511d98-2006,2006,2006,1,5651498
3227dfc6-3c54-47e6-a0fc-39be9c511d98-2012,2012,2012,1,27975438
324c87d0-1d52-4a84-8e71-3acf0d15587a-2013,2013,2013,1,144383185
326674e5-1f35-49c1-98db-2fc2da49b26d-2019,2019,2019,1,11829624
32d29099-0305-4734-b3ec-534d630e10ff-2018,2018,2018,1,654818056
33cf9dfc-d92b-46f1-a71a-c9777810486d-2015,2015,2015,1,210269472
33f68909-043d-420c-b41b-00f6ee97db43-2022,2022,2022,1,78670480
3416dd37-f45d-40ed-b04e-875fcff8fa2f-2020,2020,2020,1,2633493
346d37c6-8ac8-4510-9273-a445b61e92dd-2017,2017,2017,1,707238682
34926d04-db90-43ec-8891-1cae74c17a1e-2004,2004,2004,1,2569204
34e959c8-272f-4460-aa67-7cfc351960ad-2018,2018,2018,1,104503523
36020338-a0e3-4eba-aa2f-78a1815fd1a6-2018,2018,2018,1,12831473
3602650f-9fe5-4078-9a5f-d8c95032a34a-2014,2014,2014,1,2061721570
3687d0a0-e583-4c86-b239-50d545661574-2008,2008,2008,1,8461018
37f1b09a-a6af-4878-9836-fef05322a84a-2022,2022,2022,1,304283942
38278c2e-2198-4d61-b807-f318d824b077-1988,1988,1988,1,144482154
38e536b3-c893-4eab-8177-5cd8db8952e3-2018,2018,2018,1,404520065
39058e09-c13a-4545-a8a3-a75581460bc2-2021,2021,2021,1,40382789
3918032f-b799-423e-be9e-8d7a8da9bb5e-1991,1991,1991,1,40478976
391910d2-0406-4b4e-a3e9-ee16942e3b84-1998,1998,1998,1,5143108
396366a4-a1ba-422b-a9ff-1471ee08eab8-2010,2010,2010,1,1791863801
396750b3-c753-4765-b283-ca20a4ddd616-2020,2020,2020,1,94847072
396750b3-c753-4765-b283-ca20a4ddd616-2012,2012,2012,1,12252719
398b46b8-6014-4478-b7af-f477167f7bde-2014,2014,2014,1,121994889
39da5af4-7f26-4cc8-8363-968068328ded-2009,2009,2009,1,33383688
39da5af4-7f26-4cc8-8363-968068328ded-2006,2006,2006,1,101088984
3a435ff9-d0c3-4eb9-9a89-992c0f8bf398-2020,2020,2020,1,5450338
3a9b84c7-227d-4c74-82e4-f5fb6df20140-1995,1995,1995,1,2157921320
3adfa7f3-9db0-4c0c-8e5c-37b206d7b0e3-2022,2022,2022,1,901812951
3b438704-c051-48f5-b845-623aaf356acb-2021,2021,2021,1,94840396
3b438704-c051-48f5-b845-623aaf356acb-2011,2011,2011,1,2117835260
3bc0e661-dc2a-454a-9ff5-6515430ce9ff-2022,2022,2022,1,572613805
3bf37726-f531-4b3c-99a6-b1e22ac2d23a-1980,1980,1980,1,741474474
3c011c13-ca76-48a8-846d-72a14f8a326f-2018,2018,2018,1,4337358
3c26139d-3b45-4ab8-97d3-059246312705-2004,2004,2004,1,48871786
3c4394f2-588b-43c0-bcf9-a0ef028e11e2-1922,1922,1922,1,12571335
3c77be64-fcd3-444d-a98d-f563ab841a7e-2022,2022,2022,1,30824217
3c8f4cec-a435-421a-b301-785e136e65e5-2000,2000,2000,1,47806122
3dc20922-3913-4122-925d-6b044c08c12f-2020,2020,2020,1,3704594
3e2e877c-b4d0-4436-90f8-1eb7e0c9b77c-2018,2018,2018,1,50146396
3e924bb0-3731-4d92-9423-2cc0388e6d82-2019,2019,2019,1,144037423
3eb857d1-b5ec-472a-8cc5-29549bda0efc-2020,2020,2020,1,2122023692
3efe0b58-b06e-42c1-8a30-01b13201c739-2021,2021,2021,1,2131068005
3f7605a7-7e53-4ff7-8895-42f09a5f4355-2022,2022,2022,1,5776782
3f93c423-8b91-4f5b-bd95-d36515c1c553-1999,1999,1999,1,47943143
3f93c423-8b91-4f5b-bd95-d36515c1c553-1997,1997,1997,1,2054046207
3f93c423-8b91-4f5b-bd95-d36515c1c553-2004,2004,2004,1,52571620
3f93c423-8b91-4f5b-bd95-d36515c1c553-2005,2005,2005,1,4201657
3f93c423-8b91-4f5b-bd95-d36515c1c553-2009,2009,2009,1,3581519
3f93c423-8b91-4f5b-bd95-d36515c1c553-2001,2001,2001,1,717396508
40d15aa1-c74e-4ad7-8745-8120cf39865e-1989,1989,1989,1,48832384
42226ffd-4597-4ea8-8cd6-b68bc7728cd0-2022,2022,2022,1,2051354978
433763a5-3f36-4819-8240-bbb631740085-1967,1967,1967,1,2148474588
441c5671-cab6-440e-8f38-86ebd1b65b7f-2021,2021,2021,1,9913139
4421de24-b6c7-4d82-b06c-d49c9bed6db5-2022,2022,2022,1,145469833
4431daa4-da7f-4fbc-9d1b-6ac7f82b2e3e-1953,1953,1953,1,144662723
44b820ce-9b6d-4bb2-8b5f-af58b97ae262-2006,2006,2006,1,1435265667
44f833f0-5cb4-4b2d-a251-bdb39ee536a4-2021,2021,2021,1,32210047
4502a19c-ac5e-45a7-9302-2f7b3bcdc0b7-2022,2022,2022,1,3689576
4552f571-dd46-4bc5-a290-4faa81df1be0-2022,2022,2022,1,51071476
45723ce3-7b17-4d2b-92c0-c9f30be1a6a1-2013,2013,2013,1,145306410
45723ce3-7b17-4d2b-92c0-c9f30be1a6a1-2016,2016,2016,1,72802619
45723ce3-7b17-4d2b-92c0-c9f30be1a6a1-2012,2012,2012,1,36876084
45723ce3-7b17-4d2b-92c0-c9f30be1a6a1-2019,2019,2019,1,49818375
45723ce3-7b17-4d2b-92c0-c9f30be1a6a1-2014,2014,2014,1,113019868
45723ce3-7b17-4d2b-92c0-c9f30be1a6a1-2010,2010,2010,1,707374430
459ca45a-35b5-468b-8287-daffcd7d5acc-2018,2018,2018,1,2738418
4607f043-7ea5-43b6-888a-2e656fbe0233-2003,2003,2003,1,37463111
47464297-4c88-44d5-9112-53a865e99be5-1971,1971,1971,1,50468836
47464297-4c88-44d5-9112-53a865e99be5-2021,2021,2021,1,3762875
47464297-4c88-44d5-9112-53a865e99be5-1972,1972,1972,1,2115497367
47464297-4c88-44d5-9112-53a865e99be5-1992,1992,1992,1,2186673
476b8ce6-a736-40f6-9b80-59ae562407d4-1996,1996,1996,1,93786719
477368e9-7a8e-475a-8c93-6d623797fd06-2021,2021,2021,1,11119977
480fb94c-09d2-43ea-affd-0ef19848117d-1954,1954,1954,1,35215848
48433268-b689-457a-8e57-36895fd4f04e-2017,2017,2017,1,49137267
4872e1af-0a00-4b63-b6ca-8d4685ef46ff-2020,2020,2020,1,2195048
4a069f30-c266-44c0-be33-f1e1433b7d15-2014,2014,2014,1,2055562191
4a3b85d1-a9bd-4dde-a336-a6cae78b0482-2015,2015,2015,1,5179835
4b1fd7f5-3b44-452b-b185-dcd785a81edf-2019,2019,2019,1,2109286096
4b1fd7f5-3b44-452b-b185-dcd785a81edf-2020,2020,2020,1,145299727
4b1fd7f5-3b44-452b-b185-dcd785a81edf-2018,2018,2018,1,41203879
4c1bc8cf-5a6c-4b67-8d4a-dbc2ce7a06ae-1984,1984,1984,1,27437003
4c767dd1-3ca6-47ad-8c31-4e4d3fd5a8fd-2022,2022,2022,1,7606149
4c8a81b0-9ddf-4e32-adfe-00fdbc9f9fcc-2017,2017,2017,1,90959725
4c8a81b0-9ddf-4e32-adfe-00fdbc9f9fcc-2012,2012,2012,1,6227414
4c8a81b0-9ddf-4e32-adfe-00fdbc9f9fcc-2019,2019,2019,1,150245877
4c9bb7e5-0c3b-4021-87ba-7c49a56f9d5b-1953,1953,1953,1,147538332
4cf96718-6c79-4782-a4ef-a8288b2022c3-2019,2019,2019,1,1401688077
4ebf6aad-eb7e-4e84-8fd9-cc79a4158c49-2021,2021,2021,1,4399535
4f4377a9-e0af-4ede-bb09-a02f662d27a9-2005,2005,2005,1,114290954
4f9c2bb7-ec38-45aa-b0b3-8bd7680ccc1f-2023,2023,2023,1,770399991
5012d97c-98b7-4f53-90cf-1b8eb8c04295-2020,2020,2020,1,2121784159
51278f27-cfdd-4938-81e4-9d54ca7b3cd0-2021,2021,2021,1,21307571
51278f27-cfdd-4938-81e4-9d54ca7b3cd0-2022,2022,2022,1,6261560
51278f27-cfdd-4938-81e4-9d54ca7b3cd0-2019,2019,2019,1,8745213
51ccd406-d8bf-4e43-bcff-8f0aded26c15-2021,2021,2021,1,389180933
51db9a3d-3396-4131-b3b2-1f7a1cdae9c9-2021,2021,2021,1,505916239
51e83cad-0055-4038-8da5-cb49da2a016a-2005,2005,2005,1,46851989
5206db5e-119e-4015-8871-2265648b8626-2007,2007,2007,1,2118692598
52594fde-c7e9-4b76-9bb6-f268cfacae53-2019,2019,2019,1,15744237
52df9a54-6cc3-4685-9826-f6ba927def1a-2020,2020,2020,1,802553986
52edfc09-8d65-4876-8560-84530d7259b9-2018,2018,2018,1,2093493118
52f29427-61a3-4d78-9e4f-e5cc54e085b6-1998,1998,1998,1,143895133
5335e49b-808e-44d3-bb5d-1f76b82aa45e-2018,2018,2018,1,551484613
552d0a68-9aa4-4518-b8c4-666b3d9e0fef-2014,2014,2014,1,1410752027
558a3215-8ffd-4b31-be7f-f653ca3b600d-2021,2021,2021,1,2845578
55ac51ae-2fa9-4ac5-9d41-ded45d38fe28-1992,1992,1992,1,802063698
56753896-ea87-41d6-a80a-b4ddc8372318-2002,2002,2002,1,2705342
567a5f12-d8a9-49f7-962b-d78b5fc5a6ac-2019,2019,2019,1,932160667
56a31f29-95a9-44ce-8dd7-95809bcfdfc3-1999,1999,1999,1,6712823
571af341-cf5e-4257-a1e4-16c38480bee1-2020,2020,2020,1,555864584
576b59f1-6a2f-4286-a086-6ea6a944675a-2023,2023,2023,1,456994541
585f106b-e284-48f5-acab-36aab12a5ab8-2021,2021,2021,1,67286911
592507fd-0739-4855-ae80-eb3dabbce52c-1992,1992,1992,1,441904366
59e71779-6ef3-462a-a8bf-6f9a1b7ed54a-2018,2018,2018,1,103030904
5a4315f2-7985-483e-a8a3-0f513afa190c-2023,2023,2023,1,34741985
5b8fa84c-8f83-422e-96c7-c3fac38103ea-2015,2015,2015,1,4966730
5b97da83-0106-4e9f-aef2-4c3006afbb2c-2021,2021,2021,1,143867938
5bc5dd42-09ab-4ce7-bf5b-8355ee95577c-2016,2016,2016,1,7149880
5c1b6b09-1246-465e-b292-b96a4e4c179c-2023,2023,2023,1,426953110
5d506bd7-2631-4c8a-bac5-406cb4bc8d19-1950,1950,1950,1,6886935
5ebc36a9-641d-4e41-bc32-7d884877b6c6-2018,2018,2018,1,2059026341
5fb10eaf-a09b-4e33-a397-37d9210767e5-2004,2004,2004,1,2140162
60538382-994e-41df-b512-6ff16fedd7cc-2021,2021,2021,1,152705695
607fb06f-dfb3-4bbf-9815-ffde1115a105-2019,2019,2019,1,117261211
611f3016-e211-4bf2-adfc-3b8b183314b5-2022,2022,2022,1,15277951
619f1d85-7b3f-451d-b795-3f40e3019fd4-2018,2018,2018,1,47690603
6254b414-4c13-4cfe-aee0-2b48bcdc51e9-2021,2021,2021,1,14628552
638d1b1c-6c05-4b65-aa2e-ace42ee26e95-1937,1937,1937,1,4007027
63de4636-fd45-4e28-8726-ff0570af5387-2022,2022,2022,1,3581519
63e2bb2d-3e51-4550-b8b2-5ba5358cf0cd-1999,1999,1999,1,153187135
63ec3d3e-fea0-4ff3-8f6b-b73ab6c91778-2019,2019,2019,1,143849611
63ed87ae-e104-4cfe-91c9-eb1f2f9ed5b0-2015,2015,2015,1,145240060
6401bb05-050b-4beb-8824-066cb2938eb4-2020,2020,2020,1,2118077161
643b0c17-99ac-463b-81c4-df44ad66e34d-1997,1997,1997,1,1799398854
6453188a-d7ac-4f0c-81bb-f95830c98c38-2013,2013,2013,1,199473642
6499d076-6328-4c2c-8f87-d75c624eb530-2022,2022,2022,1,144392961
6565bc17-8e57-4872-a632-2ebf24e8bc06-1965,1965,1965,1,16797484
65a4b642-f42c-430f-9ccb-00fe16741e12-1981,1981,1981,1,6888995
666e1b2f-6010-4013-8eef-a73479368d2c-1987,1987,1987,1,5299427
66cbe005-8711-470d-9957-9a81e8388a74-2021,2021,2021,1,144051660
678ce279-560b-4a6c-af55-ff68d5c2b544-1982,1982,1982,1,416255088
67ec2d57-96f9-4eb6-b7a2-b1766aee610a-2002,2002,2002,1,2114306750
6806a4fd-e465-4e63-aa7f-b8151ddee3a4-2012,2012,2012,1,98800293
688ca3af-cc7f-4b93-89e5-bf7daa4f8ce9-2018,2018,2018,1,1697113
688ed77e-05c0-41d9-a9eb-2e36e97ff5cf-2021,2021,2021,1,897403726
69023371-3234-479f-8740-93c23fb6de77-1991,1991,1991,1,28098114
69023371-3234-479f-8740-93c23fb6de77-1992,1992,1992,1,2035849
69023371-3234-479f-8740-93c23fb6de77-1994,1994,1994,1,444367683
69f81360-7402-42dc-8bfe-7e0ddd495b8b-2022,2022,2022,1,70513672
6a126a8f-6ca0-467b-bc06-b8a5f36dae29-2020,2020,2020,1,5027446
6a38ab1d-f5b7-4a0e-855f-0350f3eefd11-2019,2019,2019,1,12726028
6ae5af1a-c876-4790-a0a9-2a319cc86eea-1977,1977,1977,1,212048479
6afbd88d-f493-4d85-bc06-3358c00b2a1b-2011,2011,2011,1,50559279
6c240c46-2fe1-403f-9a29-5b5e99579d03-2022,2022,2022,1,2069177943
6c24a0a0-b07d-4d7b-a19b-fd09a3ed453a-2020,2020,2020,1,152643419
6c24a0a0-b07d-4d7b-a19b-fd09a3ed453a-1951,1951,1951,1,682808004
6c24a0a0-b07d-4d7b-a19b-fd09a3ed453a-2019,2019,2019,1,2068410732
6c24a0a0-b07d-4d7b-a19b-fd09a3ed453a-1994,1994,1994,1,736597024
6d1fca76-6ee3-49a2-97d5-ff9ef2567ce5-2022,2022,2022,1,48850265
6dc78f19-d8c3-4d94-87e0-6a65e5e90641-1992,1992,1992,1,443068118
6e136537-18d9-44b2-a3e0-6d07e57e7283-2022,2022,2022,1,3704594
6ee4e999-fe72-422e-9d62-708ce1471470-1957,1957,1957,1,2058635623
6fd9f442-a5e5-4ae4-ba0c-f8c608a30a50-2021,2021,2021,1,3307832
706aa543-e18f-4ead-9b21-4fdd29bff2a9-2018,2018,2018,1,2376511
70cd7ad3-6635-4b16-8dce-7ef15977ebdb-2021,2021,2021,1,145327300
721ed878-9136-408b-b2a3-dce27b9fa39e-2022,2022,2022,1,1800688
72390b02-108e-40d6-a989-7293b779f864-1987,1987,1987,1,82431266
724a39cf-ef0f-49be-9322-ec7e423d03e6-2021,2021,2021,1,40634487
72ccaa51-bbe7-4b6c-b763-48063d12d485-2004,2004,2004,1,1755916
73064ef3-c116-4d69-b91b-90e6b26387ed-1983,1983,1983,1,5283300
73064ef3-c116-4d69-b91b-90e6b26387ed-1980,1980,1980,1,66043460
73064ef3-c116-4d69-b91b-90e6b26387ed-1979,1979,1979,1,52384142
73064ef3-c116-4d69-b91b-90e6b26387ed-1977,1977,1977,1,31779972
73064ef3-c116-4d69-b91b-90e6b26387ed-1978,1978,1978,1,2107796763
73064ef3-c116-4d69-b91b-90e6b26387ed-1976,1976,1976,1,36245210
739f9e67-4bdc-4221-83b9-7dfa3263631c-1954,1954,1954,1,39420248
739f9e67-4bdc-4221-83b9-7dfa3263631c-1960,1960,1960,1,1937632
73c0d858-63b7-43b5-8109-f027a509e8b6-2018,2018,2018,1,7011773
73db2f88-e2f8-45b4-8d52-0a89a9d0e239-2013,2013,2013,1,2118077161
73ea77b0-3d9c-4b35-b2b0-a1e0af5b5b75-1997,1997,1997,1,8940807
7428aed7-e899-48c6-9af1-443b8a5bfb36-2016,2016,2016,1,4380208
74b0478a-292c-4fe3-bb2f-71f438f00cc7-2015,2015,2015,1,1965955400
7558a17d-2143-48e9-ba5a-b694b97611f4-1989,1989,1989,1,74403959
7698ac5f-22c2-455e-9a54-c47cc6b0da11-1958,1958,1958,1,2110325380
77763466-b39a-4c8d-b3f9-c704a5a7edf6-1977,1977,1977,1,2144179845
77e3fc20-2a7a-41df-a06d-4d80d9223e04-2018,2018,2018,1,29264234
77ea5ab3-9839-4d77-bc43-30bcb5c4ab30-1960,1960,1960,1,144116591
78126a6f-e060-4c16-a5f7-b9b049174996-2021,2021,2021,1,39573979
7831aec9-5840-4369-b43c-ed24bccb6fdf-1971,1971,1971,1,152523417
791be2d4-5c56-4b33-82a0-e4b4e1c3c03a-2020,2020,2020,1,3426055
7946ed64-b41c-474b-bcba-636664f5df02-2014,2014,2014,1,145226040
7a4a2cd2-0615-44b1-83c3-d07ad89415b4-2010,2010,2010,1,639116767
7a4cdb93-dcf1-435f-ade6-dbd70a634d29-2004,2004,2004,1,278148987
7a7dc89b-e1a6-44df-a496-46c330a87840-2022,2022,2022,1,2074761259
7a81d01c-ee3f-4f27-b696-01f35da67f22-2006,2006,2006,1,280145456
7a81d01c-ee3f-4f27-b696-01f35da67f22-2020,2020,2020,1,1411263256
7b7c2393-3374-4ff0-9dd6-a33e45f01927-1999,1999,1999,1,9616379
7d071626-1aa2-4dad-a259-bcccedccf44d-1984,1984,1984,1,52163922
7d24457b-a218-444c-841d-15d85c81040d-1972,1972,1972,1,2108264543
7d3c0955-3934-43f4-b953-1347b258f612-2022,2022,2022,1,2112831613
7d7609a8-3ded-4de1-bc53-9c4243ae9cb9-1982,1982,1982,1,2456513
7dbe09db-be44-4485-9711-8986e1c3bd6d-2021,2021,2021,1,2580049
7e6d0154-f117-4438-8ec6-ea14ba122636-1974,1974,1974,1,86969527
7e8aeb35-2cc0-490d-8f28-74fc198d224a-2016,2016,2016,1,32078675
7eae9fc4-93b3-4df2-a7d0-e1f56d65dab2-2018,2018,2018,1,2115243847
7fe84005-586f-4604-98ee-fa60fe8ae618-2018,2018,2018,1,2077631861
7fe84005-586f-4604-98ee-fa60fe8ae618-2023,2023,2023,1,2838515
7fe84005-586f-4604-98ee-fa60fe8ae618-2017,2017,2017,1,5365315
7fe84005-586f-4604-98ee-fa60fe8ae618-2020,2020,2020,1,1411379026
7fe84005-586f-4604-98ee-fa60fe8ae618-2016,2016,2016,1,6972057
7fe84005-586f-4604-98ee-fa60fe8ae618-2019,2019,2019,1,1399012697
80c7d68a-cb07-4bb4-b5fb-406f73659716-2021,2021,2021,1,143882642
8159f461-58cd-4bb5-9fe3-407097ef2852-2022,2022,2022,1,152717274
821a3bcf-ff02-4bd6-bddd-3d7290eb80ed-2008,2008,2008,1,145055474
822eb55e-c539-45c0-8d69-80730d2a9639-1986,1986,1986,1,5036252
838ff4ce-eb2c-46a1-b514-e3f420897469-2020,2020,2020,1,624162087
83ff973b-8a0e-4e00-a06a-2cfd9e222de9-2013,2013,2013,1,49057525
84a6a8b4-8e85-48bd-b65e-a83d83f95908-2023,2023,2023,1,48974238
84c9bfd4-aaed-4997-a24b-d4546c66f907-2018,2018,2018,1,5775706
84ca1336-700b-4f67-8aa2-e03194cb4670-2001,2001,2001,1,777425549
84ca1336-700b-4f67-8aa2-e03194cb4670-2000,2000,2000,1,1398414298
84f04a9d-f8ad-437d-ab46-cb846d9ce1c1-2014,2014,2014,1,118795881
84f04a9d-f8ad-437d-ab46-cb846d9ce1c1-2020,2020,2020,1,69019035
8506a01a-40b8-4e6f-bbb8-ce2492139c15-2022,2022,2022,1,932766327
8506a01a-40b8-4e6f-bbb8-ce2492139c15-2023,2023,2023,1,48121260
8506a01a-40b8-4e6f-bbb8-ce2492139c15-2020,2020,2020,1,1390669421
85b26477-7344-4a25-a32d-136a2f1a50ce-1989,1989,1989,1,2859571
85fde20d-1999-472d-b2ac-8f44f59809fc-2021,2021,2021,1,144696537
871bdcd3-3901-4df4-8581-725f38214165-2020,2020,2020,1,50581684
875343c4-7a7d-476a-bcf4-37487749bd36-1976,1976,1976,1,549891390
87594dc3-0bac-42da-9bb5-1a2c166e4ae5-2021,2021,2021,1,145133879
8775599f-4f9a-45f0-900e-7f4de68e6843-2021,2021,2021,1,8183327
87c855fc-c59a-4443-832a-e5b1ca14b9f3-2022,2022,2022,1,6496669
87c855fc-c59a-4443-832a-e5b1ca14b9f3-2020,2020,2020,1,13298651
8815dd4f-a3bf-4ba4-8085-f88fd437a4c5-2019,2019,2019,1,47329041
89147d81-4abd-4d8d-972b-79613a41804e-1947,1947,1947,1,760811477
89489694-27f4-47d8-b7da-38d0780b7357-2019,2019,2019,1,6140245
895f40c9-c3f4-4b8e-9ff1-31b11193ad84-1992,1992,1992,1,35150462
8a4c6407-d5df-4cba-98fa-53d475ad8faa-1997,1997,1997,1,354912197
8a4c6407-d5df-4cba-98fa-53d475ad8faa-1998,1998,1998,1,3978008
8c0f0951-6d54-4605-beb5-88e7849cc2a6-2018,2018,2018,1,939809759
8c23a1c5-cdf7-4cc9-94ff-287aaed63749-2015,2015,2015,1,836904909
8cc2b0d9-857b-4a8f-ba25-238e9e224c88-2019,2019,2019,1,1899535184
8d7ff3bd-2385-47a4-8f55-b2c48363704b-2020,2020,2020,1,500127036
8dcbaea5-3cdb-48b3-9f93-45c12ca1bb91-2020,2020,2020,1,12753992
8de99deb-a336-474f-bec3-8b50f6e9e581-2021,2021,2021,1,143924111
8dea56ff-1fb7-4dcd-9cd9-b6c18d7fcf8c-2007,2007,2007,1,449076747
8df9044b-0351-4d94-8c19-57f8446fe6a1-2019,2019,2019,1,6140245
8e1bd4b5-d5b2-4e22-ba0a-01fe5568d472-2010,2010,2010,1,2153496300
8e374fd7-664a-498f-9dc8-f0e1a9f358dd-2021,2021,2021,1,300541565
8e374fd7-664a-498f-9dc8-f0e1a9f358dd-2017,2017,2017,1,696617898
8e374fd7-664a-498f-9dc8-f0e1a9f358dd-1977,1977,1977,1,144677342
8f6e0f68-be8a-4ba7-9f7f-b17fc432f478-2018,2018,2018,1,841824633
8f99db2e-5ab5-462f-829a-8eeced9b7be1-1980,1980,1980,1,901587403
8f99db2e-5ab5-462f-829a-8eeced9b7be1-1979,1979,1979,1,1412599038
8f99db2e-5ab5-462f-829a-8eeced9b7be1-2008,2008,2008,1,26345937
8f99db2e-5ab5-462f-829a-8eeced9b7be1-2020,2020,2020,1,1576086120
8fdf6697-2cb7-4720-9e74-35820f383886-2018,2018,2018,1,2054774840
900c81e6-225b-4082-ab9f-6ce96de83f5d-2012,2012,2012,1,6321066
90b4735b-3fd0-4510-8dae-00b9390899bf-1972,1972,1972,1,13446369
910f05b9-f423-44fc-9fc1-c6b3d2481fe0-2016,2016,2016,1,32762109
910f05b9-f423-44fc-9fc1-c6b3d2481fe0-2015,2015,2015,1,50581648
915bb47a-fb19-46a3-accd-316718d6ed7e-2008,2008,2008,1,47193300
91b19bbf-b6f0-46c2-bbec-6bcfb5463d4d-2022,2022,2022,1,47842763
91b19bbf-b6f0-46c2-bbec-6bcfb5463d4d-2021,2021,2021,1,
91b19bbf-b6f0-46c2-bbec-6bcfb5463d4d-2023,2023,2023,1,68852106
92860f3d-6cd0-4e2e-afe6-ae87c5e9b94f-1998,1998,1998,1,12530826
92b4cb41-aa87-4854-aaad-ce30d0e6deb1-2021,2021,2021,1,2110430534
92e5a24d-eeb8-42a4-a290-a40667894cf5-2020,2020,2020,1,4257476
93162fed-6f4e-43ac-b14e-53eff6349bb4-2021,2021,2021,1,37463111
938045a1-b90a-46d7-a099-5aa234412fdb-2017,2017,2017,1,16969020
938045a1-b90a-46d7-a099-5aa234412fdb-2020,2020,2020,1,4734460
938045a1-b90a-46d7-a099-5aa234412fdb-2016,2016,2016,1,42045684
940462b0-c2ae-4cda-9e10-e3d7cffc353d-2019,2019,2019,1,89111905
95df9a49-778f-4ec4-ba72-2a6cee13b02a-2001,2001,2001,1,5661427
96ed79e9-36b2-4f58-8ef2-67296adef647-2021,2021,2021,1,39925994
96fa7399-a724-43de-bec7-f09a913e77da-2008,2008,2008,1,952482835
96fa7399-a724-43de-bec7-f09a913e77da-2003,2003,2003,1,35185410
96fa7399-a724-43de-bec7-f09a913e77da-2006,2006,2006,1,6314026
9748b6b2-3e9d-4c15-a9ec-f42ac7fe320a-1961,1961,1961,1,2066603088
97b374e3-6f09-4e9d-8468-ef344ba51ea1-1980,1980,1980,1,425832167
97e7c497-a595-453f-8613-cdb2f15a49d8-1969,1969,1969,1,48420546
983fd916-c977-4314-840b-3fdd258647fe-2021,2021,2021,1,5306690
98405f8c-bfae-4f2d-a5e6-b06c63bd64d0-2001,2001,2001,1,3461493
9856035c-170d-4e13-81d2-6f84cb5aa166-2015,2015,2015,1,801169870
9856035c-170d-4e13-81d2-6f84cb5aa166-2019,2019,2019,1,30948403
9856035c-170d-4e13-81d2-6f84cb5aa166-2018,2018,2018,1,1734991546
9856035c-170d-4e13-81d2-6f84cb5aa166-2017,2017,2017,1,6707792
9888b440-2c06-477b-9a8a-d051b0287fbc-2021,2021,2021,1,5606433
98948668-0c44-4dc4-8ff2-5b6ba84c3fb7-1983,1983,1983,1,49454774
98b01b3e-721b-493f-a2de-aac73baf7697-2004,2004,2004,1,2545963
98b01b3e-721b-493f-a2de-aac73baf7697-2005,2005,2005,1,5569976
98ba351e-edaa-4625-97de-de4d134f4c3e-2012,2012,2012,1,4744554
98c61acc-a8fc-4fde-a125-33bbfd87206e-2012,2012,2012,1,145769501
98dbdba6-7038-4051-a96c-357ab826ee7a-2015,2015,2015,1,947424240
98ea9a6a-c9d7-4b4e-97ec-ee582bd62fa2-2006,2006,2006,1,70998289
991ac027-22eb-471b-b604-18413ae682a6-2018,2018,2018,1,987598294
991d321a-61b6-4c0e-92a9-afe4b2f68264-2012,2012,2012,1,2373104
992e3995-f295-4778-a913-3fe2f227da3f-2005,2005,2005,1,3642789
9955eac7-1ec9-41ef-a69c-f68335b1abe5-2019,2019,2019,1,359689698
9955eac7-1ec9-41ef-a69c-f68335b1abe5-1974,1974,1974,1,6607889
995a88a2-5865-4381-9cd2-c018c783323d-2021,2021,2021,1,10048281
995f308d-b277-4d5d-8d5a-3bc30438c620-1988,1988,1988,1,278687018
99d15fdc-85e9-4627-969e-c8865824b683-2021,2021,2021,1,4683211
99d8e4e8-b392-4192-8a02-1dabd1a359d6-2022,2022,2022,1,50881773
9a272984-d484-429f-b0b2-1597b1fc107e-2022,2022,2022,1,29749770
9a2ff64e-18ef-48ff-a310-41910ff8ad78-2022,2022,2022,1,145029128
9aef3b55-2b26-4ede-8def-fcd0839b7d9d-2012,2012,2012,1,2095420
9af52a28-9ef6-464c-b01e-72be415f53c9-2018,2018,2018,1,720553971
9b07daf4-3c7e-4798-847b-5005416bc8d5-2000,2000,2000,1,146233058
9b2de120-0345-4845-b4f5-cce0bf4338b0-2020,2020,2020,1,610351342
9b4a9fc0-359f-4001-81bb-a1450dff3c6e-2021,2021,2021,1,3912946
9b631161-6615-499b-8750-7d170788c514-2021,2021,2021,1,8892179
9b6db04a-2990-4cf9-a14c-01d47636ee53-2018,2018,2018,1,83491600
9b975127-186d-4b72-b03c-7b63988f3aec-1973,1973,1973,1,2834523
9bb2417a-d37f-4ee4-b220-ce9974edbbe0-1964,1964,1964,1,546756880
9bdb673f-49a2-4f38-b2fc-618ea577a4ad-2016,2016,2016,1,230990317
9bdb673f-49a2-4f38-b2fc-618ea577a4ad-2019,2019,2019,1,48632632
9bdb673f-49a2-4f38-b2fc-618ea577a4ad-2015,2015,2015,1,40368067
9c1528bc-37b9-4558-bde6-4b171c8e6cb2-1971,1971,1971,1,1907937
9c325f93-fc57-49ae-bae2-b8b52260d1d4-2020,2020,2020,1,5179835
9c4d02b0-3cd7-4b37-8b68-9e9eb96472f6-2021,2021,2021,1,145109381
9d1b6c0f-be3f-43da-9e3e-487464a59986-2002,2002,2002,1,2186984420
9d4d5a77-8e41-4e91-bd4a-d55553fcc957-2019,2019,2019,1,48067449
9dd8bbe4-261f-451b-a270-c574526327b1-1985,1985,1985,1,80679328
9e2e9269-64bd-4c32-83e5-c4da76645611-1960,1960,1960,1,2107003070
9e4222ac-5a6b-41b6-a08f-5ba74c5c12a8-2021,2021,2021,1,808569473
9e867a6d-79c2-4cef-b939-738283fc3e3a-2020,2020,2020,1,49868484
9eee5892-5ec1-43c5-8b55-447ccd2ea709-2005,2005,2005,1,4516541
9eee5892-5ec1-43c5-8b55-447ccd2ea709-2021,2021,2021,1,1810943
9eee5892-5ec1-43c5-8b55-447ccd2ea709-2007,2007,2007,1,6578765
9f15b6a9-a062-41be-a397-bcce86eabb41-2020,2020,2020,1,7196178
9f4695f9-3d15-4a02-9a4a-8c1597f5ec1d-2019,2019,2019,1,46421555
9f840236-aa46-478e-98fe-68a1fe8b823e-2021,2021,2021,1,90959725
9f90c52e-917d-486f-a6a6-e37a9a706d32-1991,1991,1991,1,5775024
a00fde74-d8df-4613-b825-0fff9f531d3f-2022,2022,2022,1,1990740851
a0ce3a50-4870-47f5-b0e1-52b73e07f50f-2008,2008,2008,1,101088984
a162e192-cd09-45e5-8467-2c2f31bebae1-2022,2022,2022,1,327226380
a172add9-e6ed-426e-9509-2e84da395a2a-2020,2020,2020,1,32678490
a24fd2ce-fdea-44d3-90df-a2206e16dcab-2008,2008,2008,1,74210308
a30b60d8-8a5b-42a4-b504-5fca84f64f73-2018,2018,2018,1,215018843
a3454210-a0d5-451a-8456-ef58557c4632-2017,2017,2017,1,2054473409
a3a133fa-8f7c-43dd-85a8-ea7f85c69290-1973,1973,1973,1,145095618
a3da0b9b-c8ef-4c37-94d3-27c2d2dd4e90-1977,1977,1977,1,2658323
a3da0b9b-c8ef-4c37-94d3-27c2d2dd4e90-1981,1981,1981,1,274742524
a465004f-0e40-4504-900c-9f6cbd20d5f4-1992,1992,1992,1,6384399
a5913268-3957-484f-b41f-347b0ba23338-2019,2019,2019,1,48832384
a5913268-3957-484f-b41f-347b0ba23338-2004,2004,2004,1,49477002
a714ad7c-92bf-4c88-ba04-b0086fb72e7a-2012,2012,2012,1,1949364086
a714ad7c-92bf-4c88-ba04-b0086fb72e7a-1986,1986,1986,1,83319471
a75714cc-ae87-4828-a0a2-e7f8d57a5632-2021,2021,2021,1,979978209
a8009bad-664b-465f-9fc2-8656bc637bc4-2009,2009,2009,1,1805241
a8009bad-664b-465f-9fc2-8656bc637bc4-1979,1979,1979,1,39688708
a82c6245-8223-4542-a61a-122eadde10fb-2009,2009,2009,1,5486533
a901a976-60b4-4654-9618-9c8344491f1c-2022,2022,2022,1,2587889
aa22ba5c-fb03-4b2b-89f5-360bed5a4cfb-2019,2019,2019,1,144357985
aa3da1b8-67ea-4019-b2ec-97ae9e59a63b-2022,2022,2022,1,15900313
ab042adb-76b4-42b3-ab2c-81762940e6b9-2008,2008,2008,1,12530826
abc0c598-b988-4841-a8c5-65bfa6f3df77-2022,2022,2022,1,775573995
abe07b93-ae8c-4a4b-9b4f-6971f0b656c4-2021,2021,2021,1,74119887
ac4f158a-5b5a-4726-a7f2-f96593daf66e-2021,2021,2021,1,104580437
ad2ae6f7-53e8-442e-900a-bd9ab7ff3865-2016,2016,2016,1,5693992
ad2ae6f7-53e8-442e-900a-bd9ab7ff3865-1987,1987,1987,1,144923986
ad341cbc-8727-43dc-9a23-a05966ce1f25-2018,2018,2018,1,144584028
ae7a3201-e479-4666-8a93-3d35d6bf7cd1-1972,1972,1972,1,88213327
ae96519d-7cc4-4895-88fb-5a9dfeb29c2a-2012,2012,2012,1,145040777
afa2249c-69dc-4fa5-b85e-f3395766561b-2018,2018,2018,1,862922042
afdd2d91-e55a-48e5-a990-fab6c266a816-2002,2002,2002,1,2000392122
b07ad337-ba9f-48ca-a0ff-59d1643601ac-2022,2022,2022,1,322437174
b07fa1da-5ee6-4b4c-b227-9af39d1dcef0-2011,2011,2011,1,11679595
b08a0dfd-e5a9-4a0a-a1d5-16a2b8985937-2016,2016,2016,1,577447758
b08a0dfd-e5a9-4a0a-a1d5-16a2b8985937-2020,2020,2020,1,119147093
b08a0dfd-e5a9-4a0a-a1d5-16a2b8985937-2012,2012,2012,1,1388892384
b127dfd2-8094-49c9-8d55-fa9755d878c2-2013,2013,2013,1,144073726
b1739e5f-9d57-4bb9-b1da-82487b2fa362-2005,2005,2005,1,25565174
b1994124-f1e8-4f96-a165-b6f19a04fe7e-2019,2019,2019,1,39013157
b2be1780-2781-4025-9bb8-8147463f35a2-2001,2001,2001,1,66280233
b2c1b9f9-1a46-4fec-ac1e-262ca2a817f7-2019,2019,2019,1,4184103
b2fd8f55-bf84-45e9-8845-a6ea0d69b310-1983,1983,1983,1,290983046
b3007da0-8560-489e-a1de-937fd96195fc-2020,2020,2020,1,9847190
b308ec25-8043-470a-a42b-0f3f8741f387-2020,2020,2020,1,324847239
b37be024-e5a5-49d9-a68f-22e8d74fe096-2004,2004,2004,1,19725060
b3b67888-d181-47a6-bcbd-efdd5b93d6b3-2010,2010,2010,1,2143731469
b41df651-5d08-4d1d-afbb-0912b1374f15-2015,2015,2015,1,1853574
b440a04a-022d-4b81-9ed7-2fc8cb1f70a1-2017,2017,2017,1,49892181
b45279ec-9088-4d27-9697-4a9e81ab556a-2019,2019,2019,1,455400637
b481bac1-d516-41b4-b947-5d7fc2569b35-2021,2021,2021,1,6074270
b4e58d87-c012-4bee-8e4c-fea04b5094f0-2020,2020,2020,1,2124234605
b4f4830c-d0f0-4e78-ae6d-ece3bf3d10d8-1967,1967,1967,1,144923986
b57dc872-5fe7-4ced-aa7d-c25e6425a7de-2019,2019,2019,1,5087127
b5aaa937-18c7-4a65-84a1-52713f6080fe-2022,2022,2022,1,2196717072
b5d743df-8523-464c-a1f4-10ead6be30a6-2020,2020,2020,1,52276675
b5fb729c-41d1-4db6-b4f3-4c23f8ba5294-2009,2009,2009,1,993737263
b609baae-9a66-4db1-af81-5b70e926c829-2022,2022,2022,1,115389359
b6b26b43-2fef-41ad-98b9-af7ba33afa6b-2014,2014,2014,1,47522794
b6e9b869-3e68-42c6-ab41-146d8c393239-1967,1967,1967,1,1394501655
b6e9b869-3e68-42c6-ab41-146d8c393239-2019,2019,2019,1,83735038
b712be20-2e99-48d0-a5dd-e62e6ffc3fdb-2022,2022,2022,1,6886935
b79b0683-c9ee-47d6-b861-a68e5b40219f-2021,2021,2021,1,144677342
b7a046c1-ab7d-4b9d-9e12-21a87a4914b3-2018,2018,2018,1,138769240
b7cbc3c9-e2a6-4323-8864-609fb18c543b-2021,2021,2021,1,507066887
b8b7ca92-baf8-4895-ab4d-2ff0754c865e-2019,2019,2019,1,4060712
b9047042-f0bc-462d-bb5a-8ed2de73e550-2020,2020,2020,1,389374152
b9238bf6-01ff-4eea-bca7-73a533e08a8c-1992,1992,1992,1,883764418
ba401745-5ee6-42c6-883a-182f0aa0a8c5-2020,2020,2020,1,911369691
ba924ba6-53e9-40b5-aaaa-eac478d7f794-1968,1968,1968,1,1791863801
baca7f5a-2d4f-4158-b527-ab08fb52845f-2020,2020,2020,1,5094707
baca7f5a-2d4f-4158-b527-ab08fb52845f-1999,1999,1999,1,339153206
bade12e5-f20e-4b51-83a6-534e3705569a-2019,2019,2019,1,113034929
bafea2d6-9180-4058-a838-86539f02eba1-2012,2012,2012,1,901161858
bb036d47-4923-4bce-a638-b26b01a31bc1-2015,2015,2015,1,2199920555
bb27e645-e57c-42c3-bcbc-c7b443c58209-2020,2020,2020,1,4853679
bc4a5170-6e34-4e60-89c4-7f18aee8bf23-1981,1981,1981,1,82431266
bc946b89-5188-4a8f-b9b6-61b71dd9fccc-2020,2020,2020,1,49037768
bd08f6cc-3503-4b7e-a948-9974c2d4ef6e-2021,2021,2021,1,4505052
be0ad9ff-aa43-4af1-b3b5-4a41c9f81cb0-2022,2022,2022,1,740530347
be6bebbc-846f-454e-938a-cde6d9c9df4b-2008,2008,2008,1,143602026
be767b53-ec92-42d8-9b36-cebc40671619-2020,2020,2020,1,26345937
be767b53-ec92-42d8-9b36-cebc40671619-2022,2022,2022,1,144227860
befe79e7-4edb-4281-9c6b-d16dbe123330-1943,1943,1943,1,34067989
bf59074e-18fd-4f9a-a1b0-a9bafc16f518-1982,1982,1982,1,6303089
bfa3f31e-20a6-41a2-a221-096d7a6b6f00-2021,2021,2021,1,48969837
bfadef3c-766f-411b-9dac-69780835ba24-2022,2022,2022,1,4485912
c0052eef-c840-402a-9388-641c3a456c1b-2021,2021,2021,1,2118950747
c0d762a5-d1c5-4428-b8fb-7a95a5d1853c-2018,2018,2018,1,3598529
c0fcfef6-778d-44e2-967e-3c129214166a-2016,2016,2016,1,454674089
c14021b1-9b97-4f28-93f9-75c4054565e6-2018,2018,2018,1,6643277
c1910748-cf51-4346-9f09-55d2a5775843-2010,2010,2010,1,1413293016
c1e3e9e7-16cd-4a0c-90e0-fd54b22deb01-2003,2003,2003,1,1380437087
c1e3e9e7-16cd-4a0c-90e0-fd54b22deb01-2019,2019,2019,1,1422399342
c20b7600-230a-4d64-b272-ecb160212146-1977,1977,1977,1,8343175
c2d2f226-917d-4d4a-8e15-193125d1da93-2018,2018,2018,1,4853679
c36994f0-6b03-4e86-9f48-6f6d2b1cc516-2016,2016,2016,1,4600583
c7227e89-93c0-4fff-9f44-ddd62529fc3f-2021,2021,2021,1,4380208
c7bbca07-9604-48a6-85d8-512fa663722e-2011,2011,2011,1,7946892
c8467136-289e-49bd-a515-8183ee2e8604-2020,2020,2020,1,13461503
caa15e82-50ae-40e3-963d-06734647f46a-2004,2004,2004,1,954762876
cb66f0d0-958c-4f1c-9758-86d4bfe89708-2019,2019,2019,1,144880420
cb6a988a-6c3d-4ff8-aa8c-7ee9bbcee460-2016,2016,2016,1,2145925847
cbb0c69d-3289-4e83-8be2-dbdb5bff45de-2006,2006,2006,1,2111830619
cbbe61ca-ba31-4f0a-b64c-49da7a69f20c-2022,2022,2022,1,3497262
cbf8792f-e5da-4b72-8a49-80755d7abf39-2000,2000,2000,1,2055086
cc6aaf97-8b1f-4911-853f-9b7dd1395530-1996,1996,1996,1,871470746
ccd8e532-73c6-414f-bc91-271bbb2933e2-2021,2021,2021,1,144375326
cdf4bb1c-e624-482e-8289-da2009c4c31a-2020,2020,2020,1,7173119
cf1b9554-455e-4565-a1ae-aa7d9a10b8ab-2013,2013,2013,1,12451346
cf1b9554-455e-4565-a1ae-aa7d9a10b8ab-2019,2019,2019,1,1442042773
cf1b9554-455e-4565-a1ae-aa7d9a10b8ab-2004,2004,2004,1,35131594
cf33e1f1-4e08-40d3-89b4-ca4ff2b66125-2020,2020,2020,1,2081391794
cf6cc347-aedd-4780-b284-476e6d71a284-2014,2014,2014,1,144072101
cf8e7aaa-7382-440f-a097-aa870631e8e0-1899,1899,1899,1,39346533
d0046ca9-9064-464a-ab1f-8947412a4f14-1991,1991,1991,1,49928672
d0046ca9-9064-464a-ab1f-8947412a4f14-1979,1979,1979,1,88066282
d0046ca9-9064-464a-ab1f-8947412a4f14-1981,1981,1981,1,934428574
d0c10ac8-46d9-4816-a350-37ef883b23e8-2020,2020,2020,1,1784669
d1d486ec-2c87-4721-8bca-f399625d18e5-1968,1968,1968,1,2161666337
d1d486ec-2c87-4721-8bca-f399625d18e5-1967,1967,1967,1,1684627
d2086b1e-a8ee-4f69-81d4-8b7c43b3861b-2013,2013,2013,1,854063872
d29bb04c-59e3-4f7a-9113-26615223c3fc-1998,1998,1998,1,40297980
d2b6f83d-a912-40d2-af6d-03ad01c81c5e-2022,2022,2022,1,6108261
d2b6f83d-a912-40d2-af6d-03ad01c81c5e-2018,2018,2018,1,46731902
d2c8b74f-b358-41e9-907f-6d8f9fa0c547-2018,2018,2018,1,376921729
d30776c0-e524-4f14-a524-871d0586862c-2022,2022,2022,1,2076092015
d30776c0-e524-4f14-a524-871d0586862c-2020,2020,2020,1,296227865
d3ae3381-de93-4bdd-8db8-116ee00bed9c-2022,2022,2022,1,24364031
d43a01dc-0d69-42a8-98c9-8001bd35f1f8-2019,2019,2019,1,4683211
d4525739-ab7b-46fb-8d02-be69160dfad7-2019,2019,2019,1,791467143
d453966d-1b91-4e33-b75e-bb4ead55f2a4-2020,2020,2020,1,14951142
d4a381fe-9cc2-48c5-bf20-64eefeaedc2b-2010,2010,2010,1,46421555
d4a5fe3b-9c8d-4b96-a023-0fe8d2a3156b-1984,1984,1984,1,846302484
d4f21b1e-9e5f-4826-b4ab-b28cdefd0f57-1984,1984,1984,1,46205336
d4fc9f5f-8c7c-476a-b194-828f86b86491-2018,2018,2018,1,2111405429
d53bef3a-0ad1-45eb-8197-017297145573-2021,2021,2021,1,7353537
d5594aad-095f-4587-802a-b011732c7100-2008,2008,2008,1,4075373
d56ebe2f-b08f-4b5c-ae3a-63144701ed04-2010,2010,2010,1,31958599
d5da7004-7b61-450a-9c7d-a39500de7acf-2020,2020,2020,1,1990740851
d5e5b5e7-54b1-4f53-82fc-4853f3e71c58-2020,2020,2020,1,9115179
d64970b5-c111-42a8-aef4-66705a3b73dd-2011,2011,2011,1,118448597
d64970b5-c111-42a8-aef4-66705a3b73dd-2021,2021,2021,1,1393268324
d6542658-10f5-4d1f-85cf-fa0b5f23c258-2019,2019,2019,1,143751523
d6b9f8d9-590e-4d25-9f5e-efdf0130c806-1982,1982,1982,1,1412859552
d741ad2b-c57e-4b4a-a8b7-1aaeb70d96b4-2016,2016,2016,1,4734460
d741ad2b-c57e-4b4a-a8b7-1aaeb70d96b4-2019,2019,2019,1,2071103584
d8fc27e3-52dd-4758-bc70-1983b8a26797-2010,2010,2010,1,464757958
d9088a5a-8827-4f42-87bd-5d9573e62b70-2021,2021,2021,1,10723308
d9fc0109-f144-4b6b-b9d1-9ba45f0e1566-2014,2014,2014,1,4302489
da025a2f-daa1-4351-92a7-3ebbe15ebd9b-2009,2009,2009,1,72426080
da292105-15e3-4866-8284-3e6373069daf-2019,2019,2019,1,760237346
da3aa7f4-bf6a-4701-b7b6-10b307db90df-2007,2007,2007,1,34097041
dadeb858-a3ad-4fc0-877e-b7b206d1b0d1-2021,2021,2021,1,8611729
db301a7e-4c42-45f8-8b7b-f5a8bb0e083f-1998,1998,1998,1,1450256609
db50471b-6255-422d-9b0e-4289b07fd158-2022,2022,2022,1,2143731469
db54ab8b-cf08-4de6-b69a-0fae0f4ab997-2017,2017,2017,1,4514848
db54ab8b-cf08-4de6-b69a-0fae0f4ab997-2019,2019,2019,1,52163922
dbac407e-bbb8-4563-9030-5fa685719531-2017,2017,2017,1,1411765148
dce542ed-f32a-410a-9ad0-ce01afb35cde-2018,2018,2018,1,47914860
dde2f643-6f46-48ec-82a6-6f398b3b0d0b-2005,2005,2005,1,20887933
dfdde60d-e443-430c-bb53-79e8211963cf-1954,1954,1954,1,46618789
e1b18316-e0d4-4006-aa13-129890a757fc-2020,2020,2020,1,701260158
e1c5dcc4-7454-4f13-be9e-d45ac7c88ba7-1984,1984,1984,1,2109678701
e1f2b2ea-7393-4401-8e7b-d687d959a76f-2011,2011,2011,1,48259282
e1f2b2ea-7393-4401-8e7b-d687d959a76f-2012,2012,2012,1,2064978086
e1f5c2ce-7943-45c8-a1ae-ab59984e1300-2004,2004,2004,1,1397428783
e21035a5-0660-4372-a981-9789d24ac1ff-2013,2013,2013,1,2154888632
e225ec90-4e80-4fbc-87c5-3a212a0214b1-2021,2021,2021,1,1923503
e227f350-ee82-4fb2-95a7-ea54ca9be690-1988,1988,1988,1,220275272
e28a224b-8ddb-49a6-82d2-17f23c68b30c-2021,2021,2021,1,353813489
e30e44d3-eae3-43b2-8751-8028e042bb5a-2019,2019,2019,1,2110228303
e3d75b3e-38ce-427e-a3f3-584d588c6a7a-2021,2021,2021,1,2119195
e46002a1-d7a6-4681-aae9-36bc3a6a1f93-2021,2021,2021,1,3114106
e4866174-bf20-4fac-a8e3-2f02202f3cd8-2020,2020,2020,1,34646489
e49e5c20-4698-44b0-be2d-d13bd84190aa-2019,2019,2019,1,2074699957
e518e9bb-0f9c-46d9-8900-44ba2d7d8600-2021,2021,2021,1,6983533
e57388b1-2c6e-46ed-b693-50e2334732d3-2019,2019,2019,1,2759174
e57f7e14-2158-47fb-8409-d4f185d70242-2021,2021,2021,1,943902331
e6216b43-2428-4aaf-8101-b40e1dfd2810-2022,2022,2022,1,2507157
e693dc83-bbed-4844-bfa8-a14861fdf715-2015,2015,2015,1,152991445
e6a9f76b-5239-4afd-9b6d-ec6007ae5b01-2021,2021,2021,1,48043103
e7b43e87-f462-44e0-b6a3-a7e66e14f754-2004,2004,2004,1,6884428
e7e098c6-0b35-437b-b685-08c74931e19a-2022,2022,2022,1,1400342745
e8ca7ac1-3bc1-4292-8d39-69c321ae0e74-2006,2006,2006,1,48974238
e8ca7ac1-3bc1-4292-8d39-69c321ae0e74-2001,2001,2001,1,1716269
e8ed6f59-efdb-4516-96f6-7b427c9f1c21-1998,1998,1998,1,34499177
e9143cef-f388-4a2d-a45b-ff3122269f76-1987,1987,1987,1,12530826
e9143cef-f388-4a2d-a45b-ff3122269f76-2015,2015,2015,1,298981523
e940bdf3-601c-415d-95ed-9c0197737d03-2018,2018,2018,1,546084871
e9578a7c-746c-44f1-93ad-50f99b695aaf-2013,2013,2013,1,2126285263
e95c8d18-09be-464f-a3cf-5b2637f0eff6-2020,2020,2020,1,29948943
e9a44b89-3d84-4bff-8c78-c53cd2ad7cf8-2023,2023,2023,1,75204903
ea575202-fcc2-4a30-b9f9-64956e612b62-1969,1969,1969,1,4988758
ea61f7ab-8d9a-4ae7-ba59-3f50000c9d9c-2020,2020,2020,1,52026272
ea85ba07-ca09-47d5-8626-f0df6ab56312-2017,2017,2017,1,1411788154
ea85ba07-ca09-47d5-8626-f0df6ab56312-2016,2016,2016,1,2136508869
ea85ba07-ca09-47d5-8626-f0df6ab56312-2021,2021,2021,1,6354193
ea8ee4cd-cdca-47a5-9aac-ffc71218835e-1989,1989,1989,1,36857302
eacf3df5-edb0-41b1-b1f2-b3369bd272c2-2007,2007,2007,1,537374999
eae0d6b9-74db-4d4b-877e-7f0aebe2867d-2020,2020,2020,1,2154888632
eb073d51-e2dd-43a0-a9b2-8bd80eb3c976-2018,2018,2018,1,6462689
eb250ef4-53d0-4d3b-96a4-06717843429d-2019,2019,2019,1,100660756
ebdc1fa7-c0b8-4019-9767-015d6a824ba6-2022,2022,2022,1,2073784912
ebed367d-6818-4a5c-b5f9-fccdd32d3431-2013,2013,2013,1,2122023692
ed5af7a7-0708-4dca-8930-368203e65b06-2022,2022,2022,1,650706801
ed779cb8-b256-4933-85c7-2ca9868bb58b-2023,2023,2023,1,1584595814
ed779cb8-b256-4933-85c7-2ca9868bb58b-2020,2020,2020,1,8669725
ed779cb8-b256-4933-85c7-2ca9868bb58b-2022,2022,2022,1,16726881
edb009e0-8764-47dc-ae3d-4fda473d3c32-1965,1965,1965,1,2004411987
edb009e0-8764-47dc-ae3d-4fda473d3c32-1974,1974,1974,1,3543853
edb009e0-8764-47dc-ae3d-4fda473d3c32-1966,1966,1966,1,48974718
edfb3c30-7e3b-4bc0-8fca-85efa19ae53c-2019,2019,2019,1,88727480
ee0ae15b-f071-4a27-b8f3-2fb08af62fae-2022,2022,2022,1,89584228
f01cecb2-2e15-44d4-97ce-2575886e7d01-2022,2022,2022,1,3909899
f01cecb2-2e15-44d4-97ce-2575886e7d01-2012,2012,2012,1,5775024
f0ed97d4-5d9b-4cb1-892a-ae0f91b368bc-2017,2017,2017,1,170806800
f17cd7ca-00ba-4cc7-b5d6-00d907cb14ca-2014,2014,2014,1,2157480846
f3358047-5fa1-4315-9473-4bb4c19cb756-2006,2006,2006,1,4851124
f417b974-1993-4b8d-b05b-6457e1ab02c7-2020,2020,2020,1,31110739
f48a1bc9-b0e5-446b-a40b-a9d2497f3e04-2005,2005,2005,1,152120625
f48a1bc9-b0e5-446b-a40b-a9d2497f3e04-2013,2013,2013,1,145917549
f498f529-8b18-4bdb-93a9-f3123a14a833-1972,1972,1972,1,2069863948
f498f529-8b18-4bdb-93a9-f3123a14a833-2016,2016,2016,1,547362607
f554e418-c500-4d29-9479-d813026a6cae-2002,2002,2002,1,2104953525
f59506a8-d8bb-4101-b3d4-c4ac3ed03dad-1971,1971,1971,1,40774169
f59506a8-d8bb-4101-b3d4-c4ac3ed03dad-1979,1979,1979,1,2110673629
f5982c19-deca-42dc-adf6-788a5919e1e4-2021,2021,2021,1,390588023
f65026bb-121b-4121-bec7-8394af26da77-2020,2020,2020,1,4663433
f688ea21-8778-4adc-aa9a-63535e68bf09-2020,2020,2020,1,2108732851
f76d44a2-ee35-4b08-9d66-95c373a13a5e-2008,2008,2008,1,108571905
f7dd0d03-7655-4543-951c-a98ab2fcb74b-2021,2021,2021,1,31050607
f9124e67-fd8b-4245-b0b9-af8c522de958-2010,2010,2010,1,48412452
f99f77b7-b1b6-44d3-984a-f288e9884b9b-2020,2020,2020,1,50597062
f99f77b7-b1b6-44d3-984a-f288e9884b9b-2021,2021,2021,1,2108732851
f99f77b7-b1b6-44d3-984a-f288e9884b9b-2015,2015,2015,1,2145224143
f9a08b14-bcba-4a8e-bfa5-22f6856c5ce1-2020,2020,2020,1,7954015
fa1f0815-0811-4291-b4fc-8230a6c9bf5b-2016,2016,2016,1,3462762
fadfd72e-16e7-4c64-9cdd-9bd30c49239e-2019,2019,2019,1,555246027
fb13e2e1-5b0b-42e1-bd2d-a962be02827d-2018,2018,2018,1,48489072
fb27311b-7236-4828-ac26-ffbf0eec5dc8-2009,2009,2009,1,575546964
fb4d95f0-46a7-4feb-b6fb-bffa7b98f19a-2019,2019,2019,1,2196534
fbf5ebdc-9da2-4919-88ed-107755c6f677-2014,2014,2014,1,5533594
fc42e269-2a82-46d5-9175-2fd5bba88d78-2019,2019,2019,1,5531690
fc764fb2-441b-4a54-aabb-555f5b6ce1f5-2018,2018,2018,1,2148926307
fcf68436-815b-41ff-9912-c435ac687663-2022,2022,2022,1,40147419
fdeb07d1-a046-4a1a-98aa-167e7f8e667a-2019,2019,2019,1,965948113
ff4eb8fa-170e-4d36-99eb-f00d794ec6e4-1965,1965,1965,1,3155759
ffaa4409-29fb-4245-a496-c51b151f9f5f-2002,2002,2002,1,2199931462
fff3549c-df24-4aef-accb-a33ae442a828-2020,2020,2020,1,1402452135
